l0_category,l1_category,lat,lon,variant_id,variant_name,selling_price,mrp,in_stock,inventory,is_sponsored,image_url,brand_id,brand
1237,1178,28.678051,77.314262,495431,Let's Try Lite Multigrain Mixture Namkeen,₹108,₹120,true,4,,https://cdn.grofers.com/app/assets/products/sliding_images/jpeg/a1280f22-7117-4df6-bfea-b573a6ee6c25.jpg?ts=1720380365,,Let's Try
1237,1178,28.678051,77.314262,19266,Haldiram's Bhujia,₹120,,true,17,,https://cdn.grofers.com/app/images/products/sliding_image/19266a.jpg?ts=1688625382,,Haldiram's
1237,1178,28.678051,77.314262,608,Haldiram's Punjabi Tadka Namkeen Snacks,₹55,,true,12,,https://cdn.grofers.com/da/cms-assets/cms/product/0627ef91-07ab-4cca-8588-3da0e87fe1ef.jpg?ts=1731663969,,Haldiram's
1237,1178,28.678051,77.314262,19274,Haldiram's Bhelpuri / Bhelpuri,₹55,,true,2,,https://cdn.grofers.com/app/images/products/sliding_image/19274a.jpg?ts=1688625383,,Haldiram's
1237,1178,28.678051,77.314262,490550,Crax Aloo Bhujia,₹50,,true,3,,https://cdn.grofers.com/app/assets/products/sliding_images/jpeg/813d675b-0629-4d8c-bc47-9ffd48a36d79.jpg?ts=1708330363,,Crax
1237,1178,28.678051,77.314262,17148,Haldiram's Aloo Bhujia,₹110,,true,2,,https://cdn.grofers.com/da/cms-assets/cms/product/de567301-b3e2-42ef-b4cc-f2b40ab0860b.jpg?ts=1730789190,,Haldiram's
1237,1178,28.678051,77.314262,19297,Haldiram's Navratan Mixture Namkeen,₹100,,true,7,,https://cdn.grofers.com/da/cms-assets/cms/product/94ff0242-8a88-494b-bcbc-9b423796b7c1.jpg?ts=1731663946,,Haldiram's
1237,1178,28.678051,77.314262,446887,Bikano All Time Mixture Namkeen,₹60,,true,8,,https://cdn.grofers.com/da/cms-assets/cms/product/7d599893-8b2c-4282-865d-8d2dc33f09cc.jpg?ts=1741078025,,Bikano
1237,1178,28.678051,77.314262,446889,Bikano Bikaneri Bhujia,₹60,,true,6,,https://cdn.grofers.com/da/cms-assets/cms/product/8f61b511-76c6-43a5-ac1d-6fc487c660cf.jpg?ts=1736785728,,Bikano
1237,1178,28.678051,77.314262,17706,Haldiram's Nimbu Masala Namkeen,₹55,,true,8,,https://cdn.grofers.com/da/cms-assets/cms/product/e8b135b3-a0cf-40bc-a4bb-c493a1643796.jpg?ts=1731047466,,Haldiram's
1237,1178,28.678051,77.314262,17707,Haldiram's Panchratan Mixture Namkeen,₹100,,true,6,,https://cdn.grofers.com/app/images/products/sliding_image/17707a.jpg?ts=1687948392,,Haldiram's
1237,1178,28.678051,77.314262,19295,Haldiram's Moong Dal Namkeen,₹120,,true,2,,https://cdn.grofers.com/app/images/products/sliding_image/19295a.jpg?ts=1688625383,,Haldiram's
1237,1178,28.678051,77.314262,11187,Haldiram's Kaju Mixture Namkeen,₹95,,true,2,,https://cdn.grofers.com/app/images/products/sliding_image/11187a.jpg?ts=1688472268,,Haldiram's
1237,1178,28.678051,77.314262,19263,Haldiram's Shahi Dal Biji Mixture Namkeen,₹60,,true,11,,https://cdn.grofers.com/app/assets/products/sliding_images/jpeg/43038421-7aa5-440e-8998-04a7b8aa805a.jpg?ts=1708406513,,Haldiram's
1237,1178,28.678051,77.314262,19264,Haldiram's All In One Mixture Namkeen,₹115,,true,5,,https://cdn.grofers.com/app/images/products/sliding_image/19264a.jpg?ts=1688626540,,Haldiram's
1237,1178,28.5045,77.012,495431,Let's Try Lite Multigrain Mixture Namkeen,₹108,₹120,true,4,,https://cdn.grofers.com/app/assets/products/sliding_images/jpeg/a1280f22-7117-4df6-bfea-b573a6ee6c25.jpg?ts=1720380365,,Let's Try
1237,1178,28.5045,77.012,19266,Haldiram's Bhujia,₹120,,true,3,,https://cdn.grofers.com/app/images/products/sliding_image/19266a.jpg?ts=1688625382,,Haldiram's
1237,1178,28.5045,77.012,11142,Haldiram's Fatafat Bhelpuri,₹40,,true,16,,https://cdn.grofers.com/app/images/products/sliding_image/11142a.jpg?ts=1688472268,,Haldiram's
1237,1178,28.5045,77.012,608,Haldiram's Punjabi Tadka Namkeen Snacks,₹55,,true,13,,https://cdn.grofers.com/da/cms-assets/cms/product/0627ef91-07ab-4cca-8588-3da0e87fe1ef.jpg?ts=1731663969,,Haldiram's
1237,1178,28.5045,77.012,490550,Crax Aloo Bhujia,₹50,,true,2,,https://cdn.grofers.com/app/assets/products/sliding_images/jpeg/813d675b-0629-4d8c-bc47-9ffd48a36d79.jpg?ts=1708330363,,Crax
1237,1178,28.5045,77.012,19274,Haldiram's Bhelpuri / Bhelpuri,₹55,,true,5,,https://cdn.grofers.com/app/images/products/sliding_image/19274a.jpg?ts=1688625383,,Haldiram's
1237,1178,28.5045,77.012,446889,Bikano Bikaneri Bhujia,₹60,,true,5,,https://cdn.grofers.com/da/cms-assets/cms/product/8f61b511-76c6-43a5-ac1d-6fc487c660cf.jpg?ts=1736785728,,Bikano
1237,1178,28.5045,77.012,17148,Haldiram's Aloo Bhujia,₹110,,true,7,,https://cdn.grofers.com/da/cms-assets/cms/product/de567301-b3e2-42ef-b4cc-f2b40ab0860b.jpg?ts=1730789190,,Haldiram's
1237,1178,28.5045,77.012,19297,Haldiram's Navratan Mixture Namkeen,₹100,,true,7,,https://cdn.grofers.com/da/cms-assets/cms/product/94ff0242-8a88-494b-bcbc-9b423796b7c1.jpg?ts=1731663946,,Haldiram's
1237,1178,28.5045,77.012,533325,Let's Try Sabudana Falhari Mixture,₹90,₹100,true,25,,https://cdn.grofers.com/da/cms-assets/cms/product/ce9ba154-3bec-44a0-bf92-883812dc12dd.jpg?ts=1741158397,,Let's Try
1237,1178,28.5045,77.012,41389,Haldiram's Long Sev Bhujia,₹55,,true,11,,https://cdn.grofers.com/app/assets/products/sliding_images/jpeg/d678a7b0-ff7a-4ee5-839f-f4c909414883.jpg?ts=1708592055,,Haldiram's
1237,1178,28.5045,77.012,446887,Bikano All Time Mixture Namkeen,₹60,,true,3,,https://cdn.grofers.com/da/cms-assets/cms/product/7d599893-8b2c-4282-865d-8d2dc33f09cc.jpg?ts=1741078025,,Bikano
1237,1178,28.5045,77.012,17706,Haldiram's Nimbu Masala Namkeen,₹55,,true,8,,https://cdn.grofers.com/da/cms-assets/cms/product/e8b135b3-a0cf-40bc-a4bb-c493a1643796.jpg?ts=1731047466,,Haldiram's
1237,1178,28.5045,77.012,19264,Haldiram's All In One Mixture Namkeen,₹115,,true,1,,https://cdn.grofers.com/app/images/products/sliding_image/19264a.jpg?ts=1688626540,,Haldiram's
1237,1178,28.5045,77.012,55092,Haldiram's Chilli Chatak Lachha Namkeen Snacks,₹60,,true,2,,https://cdn.grofers.com/app/images/products/sliding_image/55092a.jpg?ts=1688627215,,Haldiram's
1237,1178,22.59643333,88.39996667,99107,Mukharochak Sweet & Sour Chanachur Mixture Namkeen,₹70,,true,7,,https://cdn.grofers.com/app/images/products/sliding_image/99107a.jpg?ts=1690815337,,Mukharochak
1237,1178,22.59643333,88.39996667,52639,Haldiram's Prabhuji Bhujia,₹253,₹300,true,10,,https://cdn.grofers.com/app/assets/products/sliding_images/jpeg/9857d39b-fc1e-41b8-bacd-cc9739ae10e7.jpg?ts=1708592753,,Haldiram's Prabhuji
1237,1178,22.59643333,88.39996667,446889,Bikano Bikaneri Bhujia,₹60,,true,13,,https://cdn.grofers.com/da/cms-assets/cms/product/8f61b511-76c6-43a5-ac1d-6fc487c660cf.jpg?ts=1736785728,,Bikano
1237,1178,22.59643333,88.39996667,228139,Mukharochak Special Papri Chanachur Mixture Namkeen,₹70,,true,8,,https://cdn.grofers.com/da/cms-assets/cms/product/2bdb5b0e-5208-48d0-9ba0-eff102f2547e.jpg?ts=1739257541,,Mukharochak
1237,1178,22.59643333,88.39996667,62119,Bikaji Bhujia,₹118,₹122,true,7,,https://cdn.grofers.com/da/cms-assets/cms/product/6a21ea46-2bc1-42b3-a872-b91293c52339.jpg?ts=1743581950,,Bikaji
1237,1178,22.59643333,88.39996667,99110,Mukharochak Chira Bhaja Mixture Namkeen,₹60,,true,6,,https://cdn.grofers.com/app/images/products/sliding_image/99110a.jpg?ts=1690817046,,Mukharochak
1237,1178,22.59643333,88.39996667,446887,Bikano All Time Mixture Namkeen,₹60,,true,4,,https://cdn.grofers.com/da/cms-assets/cms/product/7d599893-8b2c-4282-865d-8d2dc33f09cc.jpg?ts=1741078025,,Bikano
1237,1178,22.59643333,88.39996667,99117,Mukharochak Mirchi Jhal Chanachur Mixture Namkeen,₹70,,true,9,,https://cdn.grofers.com/app/images/products/sliding_image/99117a.jpg?ts=1704636982,,Mukharochak
1237,1178,22.59643333,88.39996667,341464,Mukharochak Chaal Bhaja Mixture Namkeen,₹45,,true,2,,https://cdn.grofers.com/app/images/products/sliding_image/341464a.jpg?ts=1690814273,,Mukharochak
1237,1178,22.59643333,88.39996667,481983,Bikano Aloo Bhujia - Pack of 2,₹119,₹120,true,1,,https://cdn.grofers.com/da/cms-assets/cms/product/d744d7c2-68ae-431e-a100-f4e0b921f51d.jpg?ts=1741587063,,Bikano
1237,1178,22.59643333,88.39996667,602071,Mukharochak Basmati Chaal Bhaja Rice Cracker Namkeen,₹70,,true,2,,https://cdn.grofers.com/da/cms-assets/cms/product/1e5b3b8e-acdf-44b9-a8b9-767b851af4a6.jpg?ts=1736328438,,Mukharochak
1237,1178,22.59643333,88.39996667,533325,Let's Try Sabudana Falhari Mixture,₹90,₹100,true,3,,https://cdn.grofers.com/da/cms-assets/cms/product/ce9ba154-3bec-44a0-bf92-883812dc12dd.jpg?ts=1741158397,,Let's Try
1237,1178,22.59643333,88.39996667,446963,Bikano Khatta Meetha Mixture Namkeen,₹60,,true,3,,https://cdn.grofers.com/da/cms-assets/cms/product/7446db05-15e8-45e0-bbcb-4f4355b16aaa.jpg?ts=1738758009,,Bikano
1237,1178,22.59643333,88.39996667,142592,Haldiram's Prabhuji Jhal Chanachur Mixture Namkeen,₹108,₹115,true,2,,https://cdn.grofers.com/app/images/products/sliding_image/142592a.jpg?ts=1703570381,,Haldiram's Prabhuji
1237,1178,22.59643333,88.39996667,62122,Bikaji All in One Kuch Kuch Mixture Namkeen,₹120,₹122,true,5,,https://cdn.grofers.com/da/cms-assets/cms/product/46560fd4-3bab-4803-89e4-ad0fefffac36.jpg?ts=1728409789,,Bikaji
1237,1178,23.1090018,72.57299832,112620,Balaji Ratlami Sev Bhujia,₹40,,true,50,,https://cdn.grofers.com/app/assets/products/sliding_images/jpeg/ce4f5b2c-165c-4814-bfdf-62bb168e0b7d.jpg?ts=1721124842,,Balaji
1237,1178,23.1090018,72.57299832,115585,Balaji Aloo Sev Bhujia,₹45,,true,50,,https://cdn.grofers.com/app/assets/products/sliding_images/jpeg/c2043394-d83c-4375-8410-6dcf8349f9c7.jpg?ts=1721124863,,Balaji
1237,1178,23.1090018,72.57299832,495690,Balaji Tikha Mitha Mixture Namkeen,₹45,,true,43,,https://cdn.grofers.com/app/assets/products/sliding_images/jpeg/26af3491-5840-4335-a166-3730b5469ff7.jpg?ts=1721124946,,Balaji
1237,1178,23.1090018,72.57299832,62119,Bikaji Bhujia,₹118,₹122,true,16,,https://cdn.grofers.com/da/cms-assets/cms/product/6a21ea46-2bc1-42b3-a872-b91293c52339.jpg?ts=1743581950,,Bikaji
1237,1178,23.1090018,72.57299832,545914,Balaji Murmura Sev Bhujia,₹45,,true,28,,https://cdn.grofers.com/app/assets/products/sliding_images/jpeg/41a459d3-0cd0-4952-9cfc-33ccaaedb4a0.jpg?ts=1721125030,,Balaji
1237,1178,23.1090018,72.57299832,36024,Haldiram's Nagpur Sev Bhujia,₹60,,true,16,,https://cdn.grofers.com/app/assets/products/sliding_images/jpeg/1f4b27b1-d87d-4345-920c-40a688862cf8.jpg?ts=1708591577,,Haldiram's Nagpur
1237,1178,23.1090018,72.57299832,546165,Gopal Namkeen Sev Bhujia,₹50,,true,12,,https://cdn.grofers.com/app/assets/products/sliding_images/jpeg/0f019054-4dbf-4e74-873d-517e569da59e.jpg,,Gopal Namkeen
1237,1178,23.1090018,72.57299832,112619,Balaji Moong Dal Namkeen,₹50,,true,24,,https://cdn.grofers.com/app/assets/products/sliding_images/jpeg/a676c674-d48e-4734-9c14-12e95be8c086.jpg?ts=1721124830,,Balaji
1237,1178,23.1090018,72.57299832,524899,Bikaji Mobile Chowpati Bhelpuri,₹38,₹49,true,48,,https://cdn.grofers.com/app/assets/products/sliding_images/jpeg/d807d38b-c528-43ea-9c55-dcd8c621a2b1.jpg?ts=1707312509,,Bikaji
1237,1178,23.1090018,72.57299832,524535,Let's Try Namkeen Combo,₹81,₹90,true,12,,https://cdn.grofers.com/da/cms-assets/cms/product/f5026c2a-b59f-43c6-a82f-b500902f0865.jpg?ts=1741158394,,Let's Try
1237,1178,23.1090018,72.57299832,372138,Chheda's Farsan Mixture Namkeen,₹55,,true,2,,https://cdn.grofers.com/app/images/products/sliding_image/372138a.jpg?ts=1687616753,,Chheda's
1237,1178,23.1090018,72.57299832,533325,Let's Try Sabudana Falhari Mixture,₹64,₹100,true,28,,https://cdn.grofers.com/da/cms-assets/cms/product/ce9ba154-3bec-44a0-bf92-883812dc12dd.jpg?ts=1741158397,,Let's Try
1237,1178,23.1090018,72.57299832,625429,Gwalia Farari Chaveda Namkeen Mixture,₹60,₹70,true,1,,https://cdn.grofers.com/da/cms-assets/cms/product/e6d1961e-7609-4f00-a01d-4f6e905a81ed.jpg,,Gwalia
1237,1178,23.1090018,72.57299832,527784,Let's Try Falhari Mixture - Pack of 2,₹118,₹200,true,21,,https://cdn.grofers.com/da/cms-assets/cms/product/ab0c5850-17e3-4469-8821-3023f1fb0d3f.jpg?ts=1741159805,,Let's Try
1237,1178,23.1090018,72.57299832,345991,Chheda's Roasted Poha Chivda Namkeen,₹55,,true,4,,https://cdn.grofers.com/app/images/products/sliding_image/345991a.jpg?ts=1687438426,,Chheda's
1237,1178,18.95833333,72.83333333,372138,Chheda's Farsan Mixture Namkeen,₹55,,true,10,,https://cdn.grofers.com/app/images/products/sliding_image/372138a.jpg?ts=1687616753,,Chheda's
1237,1178,18.95833333,72.83333333,372141,Chheda's Nylon Sev Bhujia,₹55,,true,15,,https://cdn.grofers.com/app/images/products/sliding_image/372141a.jpg?ts=1687755237,,Chheda's
1237,1178,18.95833333,72.83333333,110990,Haldiram's Nagpur Aloo Bhujia,₹100,,true,1,,https://cdn.grofers.com/app/assets/products/sliding_images/jpeg/1c0cde3c-4b00-421f-8df5-3f17d689c9af.jpg?ts=1708594224,,Haldiram's Nagpur
1237,1178,18.95833333,72.83333333,112620,Balaji Ratlami Sev Bhujia,₹40,,true,6,,https://cdn.grofers.com/app/assets/products/sliding_images/jpeg/ce4f5b2c-165c-4814-bfdf-62bb168e0b7d.jpg?ts=1721124842,,Balaji
1237,1178,18.95833333,72.83333333,52634,Haldiram's Nagpur Mixture Namkeen,₹88,,true,2,,https://cdn.grofers.com/app/assets/products/sliding_images/jpeg/c83c1f4e-5bba-4240-b79f-8e31435d6cc7.jpg?ts=1708592753,,Haldiram's Nagpur
1237,1178,18.95833333,72.83333333,481913,Rajam Snacks Garlic Mixture Namkeen - Pack of 2,₹137,₹138,true,1,,https://cdn.grofers.com/app/images/products/full_screen/pro_481913.jpg?ts=1710347277,,Rajam Snacks
1237,1178,18.95833333,72.83333333,17149,Haldiram's Nagpur Sev Bhujia,₹120,,true,2,,https://cdn.grofers.com/app/images/products/sliding_image/17149a.jpg?ts=1690814922,,Haldiram's Nagpur
1237,1178,18.95833333,72.83333333,545914,Balaji Murmura Sev Bhujia,₹45,,true,19,,https://cdn.grofers.com/app/assets/products/sliding_images/jpeg/41a459d3-0cd0-4952-9cfc-33ccaaedb4a0.jpg?ts=1721125030,,Balaji
1237,1178,18.95833333,72.83333333,58596,Chheda's Tikha Sev Bhujia,₹55,,true,2,,https://cdn.grofers.com/app/images/products/sliding_image/58596a.jpg?ts=1687948909,,Chheda's
1237,1178,18.95833333,72.83333333,524899,Bikaji Mobile Chowpati Bhelpuri,₹38,₹49,true,16,,https://cdn.grofers.com/app/assets/products/sliding_images/jpeg/d807d38b-c528-43ea-9c55-dcd8c621a2b1.jpg?ts=1707312509,,Bikaji
1237,1178,18.95833333,72.83333333,533325,Let's Try Sabudana Falhari Mixture,₹60,₹100,true,3,,https://cdn.grofers.com/da/cms-assets/cms/product/ce9ba154-3bec-44a0-bf92-883812dc12dd.jpg?ts=1741158397,,Let's Try
1237,1178,18.95833333,72.83333333,341427,Chheda's Mora Sev Bhujia,₹55,,true,3,,https://cdn.grofers.com/app/images/products/sliding_image/341427a.jpg?ts=1687755237,,Chheda's
1237,1178,18.95833333,72.83333333,341428,Chheda's Ratlami Sev Bhujia,₹55,,true,2,,https://cdn.grofers.com/app/assets/products/sliding_images/jpeg/998dca29-c4c0-4871-8fde-070f1fd7caf3.jpg?ts=1708594229,,Chheda's
1237,1178,18.95833333,72.83333333,345991,Chheda's Roasted Poha Chivda Namkeen,₹55,,true,3,,https://cdn.grofers.com/app/images/products/sliding_image/345991a.jpg?ts=1687438426,,Chheda's
1237,1178,18.95833333,72.83333333,56281,Haldiram's Nagpur Panchratan Mixture Namkeen,₹90,,true,3,,https://cdn.grofers.com/app/assets/products/sliding_images/jpeg/0538e669-bdd7-48b7-990b-40d229726d21.jpg?ts=1708592758,,Haldiram's Nagpur
1237,1178,28.7045,77.15366667,495431,Let's Try Lite Multigrain Mixture Namkeen,₹108,₹120,true,1,,https://cdn.grofers.com/app/assets/products/sliding_images/jpeg/a1280f22-7117-4df6-bfea-b573a6ee6c25.jpg?ts=1720380365,,Let's Try
1237,1178,28.7045,77.15366667,19266,Haldiram's Bhujia,₹120,,true,13,,https://cdn.grofers.com/app/images/products/sliding_image/19266a.jpg?ts=1688625382,,Haldiram's
1237,1178,28.7045,77.15366667,19274,Haldiram's Bhelpuri / Bhelpuri,₹55,,true,15,,https://cdn.grofers.com/app/images/products/sliding_image/19274a.jpg?ts=1688625383,,Haldiram's
1237,1178,28.7045,77.15366667,17148,Haldiram's Aloo Bhujia,₹110,,true,5,,https://cdn.grofers.com/da/cms-assets/cms/product/de567301-b3e2-42ef-b4cc-f2b40ab0860b.jpg?ts=1730789190,,Haldiram's
1237,1178,28.7045,77.15366667,490550,Crax Aloo Bhujia,₹50,,true,2,,https://cdn.grofers.com/app/assets/products/sliding_images/jpeg/813d675b-0629-4d8c-bc47-9ffd48a36d79.jpg?ts=1708330363,,Crax
1237,1178,28.7045,77.15366667,19297,Haldiram's Navratan Mixture Namkeen,₹100,,true,4,,https://cdn.grofers.com/da/cms-assets/cms/product/94ff0242-8a88-494b-bcbc-9b423796b7c1.jpg?ts=1731663946,,Haldiram's
1237,1178,28.7045,77.15366667,446887,Bikano All Time Mixture Namkeen,₹60,,true,2,,https://cdn.grofers.com/da/cms-assets/cms/product/7d599893-8b2c-4282-865d-8d2dc33f09cc.jpg?ts=1741078025,,Bikano
1237,1178,28.7045,77.15366667,446889,Bikano Bikaneri Bhujia,₹60,,true,6,,https://cdn.grofers.com/da/cms-assets/cms/product/8f61b511-76c6-43a5-ac1d-6fc487c660cf.jpg?ts=1736785728,,Bikano
1237,1178,28.7045,77.15366667,17706,Haldiram's Nimbu Masala Namkeen,₹55,,true,2,,https://cdn.grofers.com/da/cms-assets/cms/product/e8b135b3-a0cf-40bc-a4bb-c493a1643796.jpg?ts=1731047466,,Haldiram's
1237,1178,28.7045,77.15366667,17707,Haldiram's Panchratan Mixture Namkeen,₹100,,true,16,,https://cdn.grofers.com/app/images/products/sliding_image/17707a.jpg?ts=1687948392,,Haldiram's
1237,1178,28.7045,77.15366667,83098,Haldiram's Moong Dal Namkeen,₹60,,true,13,,https://cdn.grofers.com/app/images/products/sliding_image/83098a.jpg?ts=1690805886,,Haldiram's
1237,1178,28.7045,77.15366667,11187,Haldiram's Kaju Mixture Namkeen,₹95,,true,4,,https://cdn.grofers.com/app/images/products/sliding_image/11187a.jpg?ts=1688472268,,Haldiram's
1237,1178,28.7045,77.15366667,19263,Haldiram's Shahi Dal Biji Mixture Namkeen,₹60,,true,10,,https://cdn.grofers.com/app/assets/products/sliding_images/jpeg/43038421-7aa5-440e-8998-04a7b8aa805a.jpg?ts=1708406513,,Haldiram's
1237,1178,28.7045,77.15366667,19264,Haldiram's All In One Mixture Namkeen,₹115,,true,7,,https://cdn.grofers.com/app/images/products/sliding_image/19264a.jpg?ts=1688626540,,Haldiram's
1237,1178,28.7045,77.15366667,41389,Haldiram's Long Sev Bhujia,₹50,₹55,true,2,,https://cdn.grofers.com/app/assets/products/sliding_images/jpeg/d678a7b0-ff7a-4ee5-839f-f4c909414883.jpg?ts=1708592055,,Haldiram's
1237,1178,12.88326667,77.5594,17149,Haldiram's Nagpur Sev Bhujia,₹120,,true,1,,https://cdn.grofers.com/app/images/products/sliding_image/17149a.jpg?ts=1690814922,,Haldiram's Nagpur
1237,1178,12.88326667,77.5594,477180,Veerabhadra Mixture Namkeen,₹69,₹70,true,37,,https://cdn.grofers.com/app/images/products/sliding_image/477180a.jpg?ts=1687500609,,Veerabhadra
1237,1178,12.88326667,77.5594,62119,Bikaji Bhujia,₹118,₹122,true,2,,https://cdn.grofers.com/da/cms-assets/cms/product/6a21ea46-2bc1-42b3-a872-b91293c52339.jpg?ts=1743581950,,Bikaji
1237,1178,12.88326667,77.5594,446889,Bikano Bikaneri Bhujia,₹60,,true,1,,https://cdn.grofers.com/da/cms-assets/cms/product/8f61b511-76c6-43a5-ac1d-6fc487c660cf.jpg?ts=1736785728,,Bikano
1237,1178,12.88326667,77.5594,45238,Haldiram's Nagpur Ratlami Sev Bhujia,₹50,,true,3,,https://cdn.grofers.com/app/assets/products/sliding_images/jpeg/b1eda368-d8e3-423d-b832-aff0f32ff94d.jpg?ts=1708592366,,Haldiram's Nagpur
1237,1178,12.88326667,77.5594,115585,Balaji Aloo Sev Bhujia,₹45,,true,2,,https://cdn.grofers.com/app/assets/products/sliding_images/jpeg/c2043394-d83c-4375-8410-6dcf8349f9c7.jpg?ts=1721124863,,Balaji
1237,1178,12.88326667,77.5594,446887,Bikano All Time Mixture Namkeen,₹60,,true,1,,https://cdn.grofers.com/da/cms-assets/cms/product/7d599893-8b2c-4282-865d-8d2dc33f09cc.jpg?ts=1741078025,,Bikano
1237,1178,12.88326667,77.5594,533325,Let's Try Sabudana Falhari Mixture,₹90,₹100,true,3,,https://cdn.grofers.com/da/cms-assets/cms/product/ce9ba154-3bec-44a0-bf92-883812dc12dd.jpg?ts=1741158397,,Let's Try
1237,1178,12.88326667,77.5594,457222,Haldiram's Nagpur Moong Dal Namkeen,₹280,,true,1,,https://cdn.grofers.com/app/images/products/sliding_image/457222a.jpg?ts=1687953673,,Haldiram's Nagpur
1237,1178,12.88326667,77.5594,481983,Bikano Aloo Bhujia - Pack of 2,₹119,₹120,true,2,,https://cdn.grofers.com/da/cms-assets/cms/product/d744d7c2-68ae-431e-a100-f4e0b921f51d.jpg?ts=1741587063,,Bikano
1237,1178,12.88326667,77.5594,512766,Let's Try Falhari Mixture,₹90,₹100,true,5,,https://cdn.grofers.com/da/cms-assets/cms/product/37a90ab3-53f7-4f9b-9866-e4094774bb50.jpg?ts=1741158381,,Let's Try
1237,1178,12.88326667,77.5594,341428,Chheda's Ratlami Sev Bhujia,₹55,,true,3,,https://cdn.grofers.com/app/assets/products/sliding_images/jpeg/998dca29-c4c0-4871-8fde-070f1fd7caf3.jpg?ts=1708594229,,Chheda's
1237,1178,12.88326667,77.5594,496972,A2B Madras Mixture Namkeen,₹50,,true,1,,https://cdn.grofers.com/app/images/products/sliding_image/496972a.jpg?ts=1687951343,,A2B
1237,1178,12.88326667,77.5594,600731,ITC Right Shift Roasted Multigrain Navrattan Mixture,₹170,₹250,true,2,,https://cdn.grofers.com/da/cms-assets/cms/product/6f539c5a-fef8-4771-8bda-5a0f7e4c6735.jpg?ts=1735886664,,Right Shift
1237,1178,12.88326667,77.5594,25468,Garden Nylon Sev Bhujia,₹50,₹55,true,2,,https://cdn.grofers.com/app/assets/products/sliding_images/jpeg/55ae2fcc-5b94-49b3-8fc5-107c40feaafd.jpg?ts=1708588725,,Garden
1237,1178,28.7295,77.12866667,495431,Let's Try Lite Multigrain Mixture Namkeen,₹108,₹120,true,5,,https://cdn.grofers.com/app/assets/products/sliding_images/jpeg/a1280f22-7117-4df6-bfea-b573a6ee6c25.jpg?ts=1720380365,,Let's Try
1237,1178,28.7295,77.12866667,19266,Haldiram's Bhujia,₹120,,true,18,,https://cdn.grofers.com/app/images/products/sliding_image/19266a.jpg?ts=1688625382,,Haldiram's
1237,1178,28.7295,77.12866667,608,Haldiram's Punjabi Tadka Namkeen Snacks,₹55,,true,11,,https://cdn.grofers.com/da/cms-assets/cms/product/0627ef91-07ab-4cca-8588-3da0e87fe1ef.jpg?ts=1731663969,,Haldiram's
1237,1178,28.7295,77.12866667,11142,Haldiram's Fatafat Bhelpuri,₹40,,true,21,,https://cdn.grofers.com/app/images/products/sliding_image/11142a.jpg?ts=1688472268,,Haldiram's
1237,1178,28.7295,77.12866667,490550,Crax Aloo Bhujia,₹50,,true,5,,https://cdn.grofers.com/app/assets/products/sliding_images/jpeg/813d675b-0629-4d8c-bc47-9ffd48a36d79.jpg?ts=1708330363,,Crax
1237,1178,28.7295,77.12866667,19274,Haldiram's Bhelpuri / Bhelpuri,₹55,,true,27,,https://cdn.grofers.com/app/images/products/sliding_image/19274a.jpg?ts=1688625383,,Haldiram's
1237,1178,28.7295,77.12866667,17148,Haldiram's Aloo Bhujia,₹110,,true,10,,https://cdn.grofers.com/da/cms-assets/cms/product/de567301-b3e2-42ef-b4cc-f2b40ab0860b.jpg?ts=1730789190,,Haldiram's
1237,1178,28.7295,77.12866667,19297,Haldiram's Navratan Mixture Namkeen,₹100,,true,12,,https://cdn.grofers.com/da/cms-assets/cms/product/94ff0242-8a88-494b-bcbc-9b423796b7c1.jpg?ts=1731663946,,Haldiram's
1237,1178,28.7295,77.12866667,446887,Bikano All Time Mixture Namkeen,₹60,,true,6,,https://cdn.grofers.com/da/cms-assets/cms/product/7d599893-8b2c-4282-865d-8d2dc33f09cc.jpg?ts=1741078025,,Bikano
1237,1178,28.7295,77.12866667,446889,Bikano Bikaneri Bhujia,₹60,,true,10,,https://cdn.grofers.com/da/cms-assets/cms/product/8f61b511-76c6-43a5-ac1d-6fc487c660cf.jpg?ts=1736785728,,Bikano
1237,1178,28.7295,77.12866667,17707,Haldiram's Panchratan Mixture Namkeen,₹100,,true,23,,https://cdn.grofers.com/app/images/products/sliding_image/17707a.jpg?ts=1687948392,,Haldiram's
1237,1178,28.7295,77.12866667,19295,Haldiram's Moong Dal Namkeen,₹120,,true,1,,https://cdn.grofers.com/app/images/products/sliding_image/19295a.jpg?ts=1688625383,,Haldiram's
1237,1178,28.7295,77.12866667,11187,Haldiram's Kaju Mixture Namkeen,₹95,,true,22,,https://cdn.grofers.com/app/images/products/sliding_image/11187a.jpg?ts=1688472268,,Haldiram's
1237,1178,28.7295,77.12866667,19263,Haldiram's Shahi Dal Biji Mixture Namkeen,₹60,,true,8,,https://cdn.grofers.com/app/assets/products/sliding_images/jpeg/43038421-7aa5-440e-8998-04a7b8aa805a.jpg?ts=1708406513,,Haldiram's
1237,1178,28.7295,77.12866667,19264,Haldiram's All In One Mixture Namkeen,₹115,,true,2,,https://cdn.grofers.com/app/images/products/sliding_image/19264a.jpg?ts=1688626540,,Haldiram's
1237,1178,28.67571622,77.36149677,495431,Let's Try Lite Multigrain Mixture Namkeen,₹108,₹120,true,7,,https://cdn.grofers.com/app/assets/products/sliding_images/jpeg/a1280f22-7117-4df6-bfea-b573a6ee6c25.jpg?ts=1720380365,,Let's Try
1237,1178,28.67571622,77.36149677,19266,Haldiram's Bhujia,₹120,,true,27,,https://cdn.grofers.com/app/images/products/sliding_image/19266a.jpg?ts=1688625382,,Haldiram's
1237,1178,28.67571622,77.36149677,11142,Haldiram's Fatafat Bhelpuri,₹40,,true,24,,https://cdn.grofers.com/app/images/products/sliding_image/11142a.jpg?ts=1688472268,,Haldiram's
1237,1178,28.67571622,77.36149677,19297,Haldiram's Navratan Mixture Namkeen,₹100,,true,19,,https://cdn.grofers.com/da/cms-assets/cms/product/94ff0242-8a88-494b-bcbc-9b423796b7c1.jpg?ts=1731663946,,Haldiram's
1237,1178,28.67571622,77.36149677,490550,Crax Aloo Bhujia,₹50,,true,14,,https://cdn.grofers.com/app/assets/products/sliding_images/jpeg/813d675b-0629-4d8c-bc47-9ffd48a36d79.jpg?ts=1708330363,,Crax
1237,1178,28.67571622,77.36149677,19274,Haldiram's Bhelpuri / Bhelpuri,₹55,,true,15,,https://cdn.grofers.com/app/images/products/sliding_image/19274a.jpg?ts=1688625383,,Haldiram's
1237,1178,28.67571622,77.36149677,446887,Bikano All Time Mixture Namkeen,₹70,,true,26,,https://cdn.grofers.com/da/cms-assets/cms/product/7d599893-8b2c-4282-865d-8d2dc33f09cc.jpg?ts=1741078025,,Bikano
1237,1178,28.67571622,77.36149677,17148,Haldiram's Aloo Bhujia,₹110,,true,22,,https://cdn.grofers.com/da/cms-assets/cms/product/de567301-b3e2-42ef-b4cc-f2b40ab0860b.jpg?ts=1730789190,,Haldiram's
1237,1178,28.67571622,77.36149677,11187,Haldiram's Kaju Mixture Namkeen,₹95,,true,24,,https://cdn.grofers.com/app/images/products/sliding_image/11187a.jpg?ts=1688472268,,Haldiram's
1237,1178,28.67571622,77.36149677,446889,Bikano Bikaneri Bhujia,₹60,,true,17,,https://cdn.grofers.com/da/cms-assets/cms/product/8f61b511-76c6-43a5-ac1d-6fc487c660cf.jpg?ts=1736785728,,Bikano
1237,1178,28.67571622,77.36149677,17707,Haldiram's Panchratan Mixture Namkeen,₹100,,true,6,,https://cdn.grofers.com/app/images/products/sliding_image/17707a.jpg?ts=1687948392,,Haldiram's
1237,1178,28.67571622,77.36149677,17706,Haldiram's Nimbu Masala Namkeen,₹55,,true,32,,https://cdn.grofers.com/da/cms-assets/cms/product/e8b135b3-a0cf-40bc-a4bb-c493a1643796.jpg?ts=1731047466,,Haldiram's
1237,1178,28.67571622,77.36149677,19263,Haldiram's Shahi Dal Biji Mixture Namkeen,₹60,,true,33,,https://cdn.grofers.com/app/assets/products/sliding_images/jpeg/43038421-7aa5-440e-8998-04a7b8aa805a.jpg?ts=1708406513,,Haldiram's
1237,1178,28.67571622,77.36149677,41389,Haldiram's Long Sev Bhujia,₹50,₹55,true,16,,https://cdn.grofers.com/app/assets/products/sliding_images/jpeg/d678a7b0-ff7a-4ee5-839f-f4c909414883.jpg?ts=1708592055,,Haldiram's
1237,1178,28.67571622,77.36149677,19264,Haldiram's All In One Mixture Namkeen,₹115,,true,8,,https://cdn.grofers.com/app/images/products/sliding_image/19264a.jpg?ts=1688626540,,Haldiram's
1237,1178,28.3501,77.31673333,490550,Crax Aloo Bhujia,₹50,,true,4,,https://cdn.grofers.com/app/assets/products/sliding_images/jpeg/813d675b-0629-4d8c-bc47-9ffd48a36d79.jpg?ts=1708330363,,Crax
1237,1178,28.3501,77.31673333,19266,Haldiram's Bhujia,₹120,,true,18,,https://cdn.grofers.com/app/images/products/sliding_image/19266a.jpg?ts=1688625382,,Haldiram's
1237,1178,28.3501,77.31673333,19274,Haldiram's Bhelpuri / Bhelpuri,₹55,,true,15,,https://cdn.grofers.com/app/images/products/sliding_image/19274a.jpg?ts=1688625383,,Haldiram's
1237,1178,28.3501,77.31673333,446887,Bikano All Time Mixture Namkeen,₹60,,true,1,,https://cdn.grofers.com/da/cms-assets/cms/product/7d599893-8b2c-4282-865d-8d2dc33f09cc.jpg?ts=1741078025,,Bikano
1237,1178,28.3501,77.31673333,446889,Bikano Bikaneri Bhujia,₹60,,true,6,,https://cdn.grofers.com/da/cms-assets/cms/product/8f61b511-76c6-43a5-ac1d-6fc487c660cf.jpg?ts=1736785728,,Bikano
1237,1178,28.3501,77.31673333,17706,Haldiram's Nimbu Masala Namkeen,₹55,,true,16,,https://cdn.grofers.com/da/cms-assets/cms/product/e8b135b3-a0cf-40bc-a4bb-c493a1643796.jpg?ts=1731047466,,Haldiram's
1237,1178,28.3501,77.31673333,11187,Haldiram's Kaju Mixture Namkeen,₹95,,true,5,,https://cdn.grofers.com/app/images/products/sliding_image/11187a.jpg?ts=1688472268,,Haldiram's
1237,1178,28.3501,77.31673333,19295,Haldiram's Moong Dal Namkeen,₹120,,true,4,,https://cdn.grofers.com/app/images/products/sliding_image/19295a.jpg?ts=1688625383,,Haldiram's
1237,1178,28.3501,77.31673333,512766,Let's Try Falhari Mixture,₹90,₹100,true,24,,https://cdn.grofers.com/da/cms-assets/cms/product/37a90ab3-53f7-4f9b-9866-e4094774bb50.jpg?ts=1741158381,,Let's Try
1237,1178,28.3501,77.31673333,19264,Haldiram's All In One Mixture Namkeen,₹115,,true,12,,https://cdn.grofers.com/app/images/products/sliding_image/19264a.jpg?ts=1688626540,,Haldiram's
1237,1178,28.3501,77.31673333,41389,Haldiram's Long Sev Bhujia,₹55,,true,17,,https://cdn.grofers.com/app/assets/products/sliding_images/jpeg/d678a7b0-ff7a-4ee5-839f-f4c909414883.jpg?ts=1708592055,,Haldiram's
1237,1178,28.3501,77.31673333,19292,Haldiram's Khatta Meetha Mixture Namkeen,₹100,,true,2,,https://cdn.grofers.com/da/cms-assets/cms/product/26efd1f3-42ea-49a2-b6c3-569f9894238b.jpg?ts=1732102289,,Haldiram's
1237,1178,28.3501,77.31673333,512767,Let's Try Special Makhana Falhari Mixture,₹90,₹100,true,12,,https://cdn.grofers.com/da/cms-assets/cms/product/5fdab694-2cd7-4d04-917f-661c4beb8b60.jpg?ts=1741158386,,Let's Try
1237,1178,28.3501,77.31673333,62119,Bikaji Bhujia,₹118,₹122,true,3,,https://cdn.grofers.com/da/cms-assets/cms/product/6a21ea46-2bc1-42b3-a872-b91293c52339.jpg?ts=1743581950,,Bikaji
1237,1178,28.3501,77.31673333,19276,Haldiram's Gujarati Mixture Namkeen,₹55,,true,1,,https://cdn.grofers.com/app/images/products/sliding_image/19276a.jpg?ts=1688625383,,Haldiram's
1237,1178,28.59086667,77.3054,495431,Let's Try Lite Multigrain Mixture Namkeen,₹108,₹120,true,4,,https://cdn.grofers.com/app/assets/products/sliding_images/jpeg/a1280f22-7117-4df6-bfea-b573a6ee6c25.jpg?ts=1720380365,,Let's Try
1237,1178,28.59086667,77.3054,19266,Haldiram's Bhujia,₹120,,true,14,,https://cdn.grofers.com/app/images/products/sliding_image/19266a.jpg?ts=1688625382,,Haldiram's
1237,1178,28.59086667,77.3054,608,Haldiram's Punjabi Tadka Namkeen Snacks,₹55,,true,8,,https://cdn.grofers.com/da/cms-assets/cms/product/0627ef91-07ab-4cca-8588-3da0e87fe1ef.jpg?ts=1731663969,,Haldiram's
1237,1178,28.59086667,77.3054,19274,Haldiram's Bhelpuri / Bhelpuri,₹55,,true,3,,https://cdn.grofers.com/app/images/products/sliding_image/19274a.jpg?ts=1688625383,,Haldiram's
1237,1178,28.59086667,77.3054,490550,Crax Aloo Bhujia,₹50,,true,4,,https://cdn.grofers.com/app/assets/products/sliding_images/jpeg/813d675b-0629-4d8c-bc47-9ffd48a36d79.jpg?ts=1708330363,,Crax
1237,1178,28.59086667,77.3054,17148,Haldiram's Aloo Bhujia,₹110,,true,6,,https://cdn.grofers.com/da/cms-assets/cms/product/de567301-b3e2-42ef-b4cc-f2b40ab0860b.jpg?ts=1730789190,,Haldiram's
1237,1178,28.59086667,77.3054,446887,Bikano All Time Mixture Namkeen,₹60,,true,21,,https://cdn.grofers.com/da/cms-assets/cms/product/7d599893-8b2c-4282-865d-8d2dc33f09cc.jpg?ts=1741078025,,Bikano
1237,1178,28.59086667,77.3054,446889,Bikano Bikaneri Bhujia,₹60,,true,18,,https://cdn.grofers.com/da/cms-assets/cms/product/8f61b511-76c6-43a5-ac1d-6fc487c660cf.jpg?ts=1736785728,,Bikano
1237,1178,28.59086667,77.3054,17706,Haldiram's Nimbu Masala Namkeen,₹55,,true,13,,https://cdn.grofers.com/da/cms-assets/cms/product/e8b135b3-a0cf-40bc-a4bb-c493a1643796.jpg?ts=1731047466,,Haldiram's
1237,1178,28.59086667,77.3054,11187,Haldiram's Kaju Mixture Namkeen,₹95,,true,2,,https://cdn.grofers.com/app/images/products/sliding_image/11187a.jpg?ts=1688472268,,Haldiram's
1237,1178,28.59086667,77.3054,55092,Haldiram's Chilli Chatak Lachha Namkeen Snacks,₹60,,true,9,,https://cdn.grofers.com/app/images/products/sliding_image/55092a.jpg?ts=1688627215,,Haldiram's
1237,1178,28.59086667,77.3054,19264,Haldiram's All In One Mixture Namkeen,₹115,,true,8,,https://cdn.grofers.com/app/images/products/sliding_image/19264a.jpg?ts=1688626540,,Haldiram's
1237,1178,28.59086667,77.3054,19303,Haldiram's Khatta Meetha Mixture Namkeen,₹245,,true,2,,https://cdn.grofers.com/da/cms-assets/cms/product/1030ed7e-4d8c-43fa-ac0e-ba1fab04f93a.jpg?ts=1738227435,,Haldiram's
1237,1178,28.59086667,77.3054,512766,Let's Try Falhari Mixture,₹90,₹100,true,15,,https://cdn.grofers.com/da/cms-assets/cms/product/37a90ab3-53f7-4f9b-9866-e4094774bb50.jpg?ts=1741158381,,Let's Try
1237,1178,28.59086667,77.3054,524535,Let's Try Namkeen Combo,₹81,₹90,true,9,,https://cdn.grofers.com/da/cms-assets/cms/product/f5026c2a-b59f-43c6-a82f-b500902f0865.jpg?ts=1741158394,,Let's Try
1237,1178,28.49553604,77.51297417,495431,Let's Try Lite Multigrain Mixture Namkeen,₹108,₹120,true,5,,https://cdn.grofers.com/app/assets/products/sliding_images/jpeg/a1280f22-7117-4df6-bfea-b573a6ee6c25.jpg?ts=1720380365,,Let's Try
1237,1178,28.49553604,77.51297417,19266,Haldiram's Bhujia,₹120,,true,8,,https://cdn.grofers.com/app/images/products/sliding_image/19266a.jpg?ts=1688625382,,Haldiram's
1237,1178,28.49553604,77.51297417,19297,Haldiram's Navratan Mixture Namkeen,₹100,,true,11,,https://cdn.grofers.com/da/cms-assets/cms/product/94ff0242-8a88-494b-bcbc-9b423796b7c1.jpg?ts=1731663946,,Haldiram's
1237,1178,28.49553604,77.51297417,19274,Haldiram's Bhelpuri / Bhelpuri,₹55,,true,5,,https://cdn.grofers.com/app/images/products/sliding_image/19274a.jpg?ts=1688625383,,Haldiram's
1237,1178,28.49553604,77.51297417,490550,Crax Aloo Bhujia,₹50,,true,2,,https://cdn.grofers.com/app/assets/products/sliding_images/jpeg/813d675b-0629-4d8c-bc47-9ffd48a36d79.jpg?ts=1708330363,,Crax
1237,1178,28.49553604,77.51297417,446887,Bikano All Time Mixture Namkeen,₹60,,true,2,,https://cdn.grofers.com/da/cms-assets/cms/product/7d599893-8b2c-4282-865d-8d2dc33f09cc.jpg?ts=1741078025,,Bikano
1237,1178,28.49553604,77.51297417,17148,Haldiram's Aloo Bhujia,₹110,,true,4,,https://cdn.grofers.com/da/cms-assets/cms/product/de567301-b3e2-42ef-b4cc-f2b40ab0860b.jpg?ts=1730789190,,Haldiram's
1237,1178,28.49553604,77.51297417,446889,Bikano Bikaneri Bhujia,₹60,,true,8,,https://cdn.grofers.com/da/cms-assets/cms/product/8f61b511-76c6-43a5-ac1d-6fc487c660cf.jpg?ts=1736785728,,Bikano
1237,1178,28.49553604,77.51297417,17706,Haldiram's Nimbu Masala Namkeen,₹55,,true,12,,https://cdn.grofers.com/da/cms-assets/cms/product/e8b135b3-a0cf-40bc-a4bb-c493a1643796.jpg?ts=1731047466,,Haldiram's
1237,1178,28.49553604,77.51297417,19295,Haldiram's Moong Dal Namkeen,₹120,,true,2,,https://cdn.grofers.com/app/images/products/sliding_image/19295a.jpg?ts=1688625383,,Haldiram's
1237,1178,28.49553604,77.51297417,19263,Haldiram's Shahi Dal Biji Mixture Namkeen,₹60,,true,2,,https://cdn.grofers.com/app/assets/products/sliding_images/jpeg/43038421-7aa5-440e-8998-04a7b8aa805a.jpg?ts=1708406513,,Haldiram's
1237,1178,28.49553604,77.51297417,41389,Haldiram's Long Sev Bhujia,₹55,,true,5,,https://cdn.grofers.com/app/assets/products/sliding_images/jpeg/d678a7b0-ff7a-4ee5-839f-f4c909414883.jpg?ts=1708592055,,Haldiram's
1237,1178,28.49553604,77.51297417,19264,Haldiram's All In One Mixture Namkeen,₹115,,true,7,,https://cdn.grofers.com/app/images/products/sliding_image/19264a.jpg?ts=1688626540,,Haldiram's
1237,1178,28.49553604,77.51297417,512766,Let's Try Falhari Mixture,₹90,₹100,true,12,,https://cdn.grofers.com/da/cms-assets/cms/product/37a90ab3-53f7-4f9b-9866-e4094774bb50.jpg?ts=1741158381,,Let's Try
1237,1178,28.49553604,77.51297417,62119,Bikaji Bhujia,₹118,₹122,true,8,,https://cdn.grofers.com/da/cms-assets/cms/product/6a21ea46-2bc1-42b3-a872-b91293c52339.jpg?ts=1743581950,,Bikaji
1237,1178,28.44176667,77.3084,495431,Let's Try Lite Multigrain Mixture Namkeen,₹108,₹120,true,3,,https://cdn.grofers.com/app/assets/products/sliding_images/jpeg/a1280f22-7117-4df6-bfea-b573a6ee6c25.jpg?ts=1720380365,,Let's Try
1237,1178,28.44176667,77.3084,608,Haldiram's Punjabi Tadka Namkeen Snacks,₹55,,true,3,,https://cdn.grofers.com/da/cms-assets/cms/product/0627ef91-07ab-4cca-8588-3da0e87fe1ef.jpg?ts=1731663969,,Haldiram's
1237,1178,28.44176667,77.3084,19266,Haldiram's Bhujia,₹120,,true,8,,https://cdn.grofers.com/app/images/products/sliding_image/19266a.jpg?ts=1688625382,,Haldiram's
1237,1178,28.44176667,77.3084,11142,Haldiram's Fatafat Bhelpuri,₹40,,true,5,,https://cdn.grofers.com/app/images/products/sliding_image/11142a.jpg?ts=1688472268,,Haldiram's
1237,1178,28.44176667,77.3084,19274,Haldiram's Bhelpuri / Bhelpuri,₹55,,true,4,,https://cdn.grofers.com/app/images/products/sliding_image/19274a.jpg?ts=1688625383,,Haldiram's
1237,1178,28.44176667,77.3084,17148,Haldiram's Aloo Bhujia,₹110,,true,7,,https://cdn.grofers.com/da/cms-assets/cms/product/de567301-b3e2-42ef-b4cc-f2b40ab0860b.jpg?ts=1730789190,,Haldiram's
1237,1178,28.44176667,77.3084,19297,Haldiram's Navratan Mixture Namkeen,₹100,,true,8,,https://cdn.grofers.com/da/cms-assets/cms/product/94ff0242-8a88-494b-bcbc-9b423796b7c1.jpg?ts=1731663946,,Haldiram's
1237,1178,28.44176667,77.3084,17707,Haldiram's Panchratan Mixture Namkeen,₹100,,true,3,,https://cdn.grofers.com/app/images/products/sliding_image/17707a.jpg?ts=1687948392,,Haldiram's
1237,1178,28.44176667,77.3084,446887,Bikano All Time Mixture Namkeen,₹60,,true,6,,https://cdn.grofers.com/da/cms-assets/cms/product/7d599893-8b2c-4282-865d-8d2dc33f09cc.jpg?ts=1741078025,,Bikano
1237,1178,28.44176667,77.3084,446889,Bikano Bikaneri Bhujia,₹60,,true,2,,https://cdn.grofers.com/da/cms-assets/cms/product/8f61b511-76c6-43a5-ac1d-6fc487c660cf.jpg?ts=1736785728,,Bikano
1237,1178,28.44176667,77.3084,11187,Haldiram's Kaju Mixture Namkeen,₹95,,true,4,,https://cdn.grofers.com/app/images/products/sliding_image/11187a.jpg?ts=1688472268,,Haldiram's
1237,1178,28.44176667,77.3084,380378,Haldiram's Moong Dal Namkeen,₹295,,true,1,,https://cdn.grofers.com/app/images/products/sliding_image/380378a.jpg?ts=1687949732,,Haldiram's
1237,1178,28.44176667,77.3084,55092,Haldiram's Chilli Chatak Lachha Namkeen Snacks,₹60,,true,2,,https://cdn.grofers.com/app/images/products/sliding_image/55092a.jpg?ts=1688627215,,Haldiram's
1237,1178,28.44176667,77.3084,512766,Let's Try Falhari Mixture,₹90,₹100,true,13,,https://cdn.grofers.com/da/cms-assets/cms/product/37a90ab3-53f7-4f9b-9866-e4094774bb50.jpg?ts=1741158381,,Let's Try
1237,1178,28.44176667,77.3084,19264,Haldiram's All In One Mixture Namkeen,₹115,,true,2,,https://cdn.grofers.com/app/images/products/sliding_image/19264a.jpg?ts=1688626540,,Haldiram's
1237,1178,28.48783333,77.09533333,495431,Let's Try Lite Multigrain Mixture Namkeen,₹108,₹120,true,14,,https://cdn.grofers.com/app/assets/products/sliding_images/jpeg/a1280f22-7117-4df6-bfea-b573a6ee6c25.jpg?ts=1720380365,,Let's Try
1237,1178,28.48783333,77.09533333,19266,Haldiram's Bhujia,₹120,,true,16,,https://cdn.grofers.com/app/images/products/sliding_image/19266a.jpg?ts=1688625382,,Haldiram's
1237,1178,28.48783333,77.09533333,11142,Haldiram's Fatafat Bhelpuri,₹40,,true,22,,https://cdn.grofers.com/app/images/products/sliding_image/11142a.jpg?ts=1688472268,,Haldiram's
1237,1178,28.48783333,77.09533333,19274,Haldiram's Bhelpuri / Bhelpuri,₹55,,true,9,,https://cdn.grofers.com/app/images/products/sliding_image/19274a.jpg?ts=1688625383,,Haldiram's
1237,1178,28.48783333,77.09533333,490550,Crax Aloo Bhujia,₹50,,true,10,,https://cdn.grofers.com/app/assets/products/sliding_images/jpeg/813d675b-0629-4d8c-bc47-9ffd48a36d79.jpg?ts=1708330363,,Crax
1237,1178,28.48783333,77.09533333,446889,Bikano Bikaneri Bhujia,₹60,,true,13,,https://cdn.grofers.com/da/cms-assets/cms/product/8f61b511-76c6-43a5-ac1d-6fc487c660cf.jpg?ts=1736785728,,Bikano
1237,1178,28.48783333,77.09533333,17148,Haldiram's Aloo Bhujia,₹110,,true,9,,https://cdn.grofers.com/da/cms-assets/cms/product/de567301-b3e2-42ef-b4cc-f2b40ab0860b.jpg?ts=1730789190,,Haldiram's
1237,1178,28.48783333,77.09533333,19297,Haldiram's Navratan Mixture Namkeen,₹100,,true,18,,https://cdn.grofers.com/da/cms-assets/cms/product/94ff0242-8a88-494b-bcbc-9b423796b7c1.jpg?ts=1731663946,,Haldiram's
1237,1178,28.48783333,77.09533333,533325,Let's Try Sabudana Falhari Mixture,₹90,₹100,true,1,,https://cdn.grofers.com/da/cms-assets/cms/product/ce9ba154-3bec-44a0-bf92-883812dc12dd.jpg?ts=1741158397,,Let's Try
1237,1178,28.48783333,77.09533333,19295,Haldiram's Moong Dal Namkeen,₹120,,true,1,,https://cdn.grofers.com/app/images/products/sliding_image/19295a.jpg?ts=1688625383,,Haldiram's
1237,1178,28.48783333,77.09533333,11187,Haldiram's Kaju Mixture Namkeen,₹95,,true,3,,https://cdn.grofers.com/app/images/products/sliding_image/11187a.jpg?ts=1688472268,,Haldiram's
1237,1178,28.48783333,77.09533333,19264,Haldiram's All In One Mixture Namkeen,₹115,,true,12,,https://cdn.grofers.com/app/images/products/sliding_image/19264a.jpg?ts=1688626540,,Haldiram's
1237,1178,28.48783333,77.09533333,512766,Let's Try Falhari Mixture,₹90,₹100,true,17,,https://cdn.grofers.com/da/cms-assets/cms/product/37a90ab3-53f7-4f9b-9866-e4094774bb50.jpg?ts=1741158381,,Let's Try
1237,1178,28.48783333,77.09533333,524535,Let's Try Namkeen Combo,₹81,₹90,true,5,,https://cdn.grofers.com/da/cms-assets/cms/product/f5026c2a-b59f-43c6-a82f-b500902f0865.jpg?ts=1741158394,,Let's Try
1237,1178,28.48783333,77.09533333,19276,Haldiram's Gujarati Mixture Namkeen,₹55,,true,11,,https://cdn.grofers.com/app/images/products/sliding_image/19276a.jpg?ts=1688625383,,Haldiram's
1237,1178,12.93326667,77.61773333,17149,Haldiram's Nagpur Sev Bhujia,₹120,,true,11,,https://cdn.grofers.com/app/images/products/sliding_image/17149a.jpg?ts=1690814922,,Haldiram's Nagpur
1237,1178,12.93326667,77.61773333,372141,Chheda's Nylon Sev Bhujia,₹55,,true,2,,https://cdn.grofers.com/app/images/products/sliding_image/372141a.jpg?ts=1687755237,,Chheda's
1237,1178,12.93326667,77.61773333,52634,Haldiram's Nagpur Mixture Namkeen,₹88,,true,14,,https://cdn.grofers.com/app/assets/products/sliding_images/jpeg/c83c1f4e-5bba-4240-b79f-8e31435d6cc7.jpg?ts=1708592753,,Haldiram's Nagpur
1237,1178,12.93326667,77.61773333,477180,Veerabhadra Mixture Namkeen,₹69,₹70,true,7,,https://cdn.grofers.com/app/images/products/sliding_image/477180a.jpg?ts=1687500609,,Veerabhadra
1237,1178,12.93326667,77.61773333,375176,Town Bus Madras Mixture Namkeen,₹56,₹65,true,1,,https://cdn.grofers.com/app/images/products/sliding_image/375176a.jpg?ts=1681890530,,Town Bus
1237,1178,12.93326667,77.61773333,61365,Haldiram's Nagpur Fatafat Bhelpuri,₹45,,true,25,,https://cdn.grofers.com/da/cms-assets/cms/product/a9ee54cd-afa2-47e2-bcff-7c1589e94cb1.jpg?ts=1734598031,,Haldiram's Nagpur
1237,1178,12.93326667,77.61773333,112620,Balaji Ratlami Sev Bhujia,₹40,,true,2,,https://cdn.grofers.com/app/assets/products/sliding_images/jpeg/ce4f5b2c-165c-4814-bfdf-62bb168e0b7d.jpg?ts=1721124842,,Balaji
1237,1178,12.93326667,77.61773333,62119,Bikaji Bhujia,₹118,₹122,true,3,,https://cdn.grofers.com/da/cms-assets/cms/product/6a21ea46-2bc1-42b3-a872-b91293c52339.jpg?ts=1743581950,,Bikaji
1237,1178,12.93326667,77.61773333,45238,Haldiram's Nagpur Ratlami Sev Bhujia,₹50,,true,6,,https://cdn.grofers.com/app/assets/products/sliding_images/jpeg/b1eda368-d8e3-423d-b832-aff0f32ff94d.jpg?ts=1708592366,,Haldiram's Nagpur
1237,1178,12.93326667,77.61773333,533325,Let's Try Sabudana Falhari Mixture,₹90,₹100,true,7,,https://cdn.grofers.com/da/cms-assets/cms/product/ce9ba154-3bec-44a0-bf92-883812dc12dd.jpg?ts=1741158397,,Let's Try
1237,1178,12.93326667,77.61773333,33080,Haldiram's Nagpur Falhari Mixture,₹50,,true,1,,https://cdn.grofers.com/app/assets/products/sliding_images/jpeg/7140bf5d-e0c8-4a39-98d2-9b8539c926fd.jpg?ts=1708591114,,Haldiram's Nagpur
1237,1178,12.93326667,77.61773333,547731,Sweet Karam Coffee Madras Mixture Namkeen - No Palm Oil,₹93,₹99,true,6,,https://cdn.grofers.com/app/assets/products/sliding_images/jpeg/a438ef38-28fc-4126-9edb-e4f7953a1e4f.jpg,,Sweet Karam Coffee
1237,1178,12.93326667,77.61773333,164707,Chheda's Farali Potato Falhari Mixture,₹69,₹90,true,3,,https://cdn.grofers.com/app/assets/products/sliding_images/jpeg/5dc4d82c-4ea3-40f4-a046-87037ef633e6.jpg?ts=1712061846,,Chheda's
1237,1178,12.93326667,77.61773333,512767,Let's Try Special Makhana Falhari Mixture,₹90,₹100,true,3,,https://cdn.grofers.com/da/cms-assets/cms/product/5fdab694-2cd7-4d04-917f-661c4beb8b60.jpg?ts=1741158386,,Let's Try
1237,1178,12.93326667,77.61773333,91088,Bikaji Falhari Mixture,₹60,₹80,true,3,,https://cdn.grofers.com/app/images/products/sliding_image/91088a.jpg?ts=1687948914,,Bikaji
1237,1178,13.00826667,77.64273333,495431,Let's Try Lite Multigrain Mixture Namkeen,₹108,₹120,true,3,,https://cdn.grofers.com/app/assets/products/sliding_images/jpeg/a1280f22-7117-4df6-bfea-b573a6ee6c25.jpg?ts=1720380365,,Let's Try
1237,1178,13.00826667,77.64273333,17149,Haldiram's Nagpur Sev Bhujia,₹120,,true,8,,https://cdn.grofers.com/app/images/products/sliding_image/17149a.jpg?ts=1690814922,,Haldiram's Nagpur
1237,1178,13.00826667,77.64273333,52634,Haldiram's Nagpur Mixture Namkeen,₹88,,true,13,,https://cdn.grofers.com/app/assets/products/sliding_images/jpeg/c83c1f4e-5bba-4240-b79f-8e31435d6cc7.jpg?ts=1708592753,,Haldiram's Nagpur
1237,1178,13.00826667,77.64273333,477180,Veerabhadra Mixture Namkeen,₹69,₹70,true,10,,https://cdn.grofers.com/app/images/products/sliding_image/477180a.jpg?ts=1687500609,,Veerabhadra
1237,1178,13.00826667,77.64273333,251510,Haldiram's Nagpur Lite Chivda Namkeen,₹45,,true,7,,https://cdn.grofers.com/app/images/products/sliding_image/251510a.jpg?ts=1687949311,,Haldiram's Nagpur
1237,1178,13.00826667,77.64273333,375176,Town Bus Madras Mixture Namkeen,₹56,₹65,true,14,,https://cdn.grofers.com/app/images/products/sliding_image/375176a.jpg?ts=1681890530,,Town Bus
1237,1178,13.00826667,77.64273333,61365,Haldiram's Nagpur Fatafat Bhelpuri,₹45,,true,44,,https://cdn.grofers.com/da/cms-assets/cms/product/a9ee54cd-afa2-47e2-bcff-7c1589e94cb1.jpg?ts=1734598031,,Haldiram's Nagpur
1237,1178,13.00826667,77.64273333,246437,Haldiram's Nagpur Moong Dal Namkeen,₹120,,true,3,,https://cdn.grofers.com/da/cms-assets/cms/product/eec03c40-18ae-433d-ab97-d54fe22d91ed.jpg?ts=1737378926,,Haldiram's Nagpur
1237,1178,13.00826667,77.64273333,524899,Bikaji Mobile Chowpati Bhelpuri,₹38,₹49,true,3,,https://cdn.grofers.com/app/assets/products/sliding_images/jpeg/d807d38b-c528-43ea-9c55-dcd8c621a2b1.jpg?ts=1707312509,,Bikaji
1237,1178,13.00826667,77.64273333,446889,Bikano Bikaneri Bhujia,₹60,,true,3,,https://cdn.grofers.com/da/cms-assets/cms/product/8f61b511-76c6-43a5-ac1d-6fc487c660cf.jpg?ts=1736785728,,Bikano
1237,1178,13.00826667,77.64273333,524535,Let's Try Namkeen Combo,₹81,₹90,true,3,,https://cdn.grofers.com/da/cms-assets/cms/product/f5026c2a-b59f-43c6-a82f-b500902f0865.jpg?ts=1741158394,,Let's Try
1237,1178,13.00826667,77.64273333,45238,Haldiram's Nagpur Ratlami Sev Bhujia,₹50,,true,6,,https://cdn.grofers.com/app/assets/products/sliding_images/jpeg/b1eda368-d8e3-423d-b832-aff0f32ff94d.jpg?ts=1708592366,,Haldiram's Nagpur
1237,1178,13.00826667,77.64273333,495690,Balaji Tikha Mitha Mixture Namkeen,₹45,,true,2,,https://cdn.grofers.com/app/assets/products/sliding_images/jpeg/26af3491-5840-4335-a166-3730b5469ff7.jpg?ts=1721124946,,Balaji
1237,1178,13.00826667,77.64273333,115585,Balaji Aloo Sev Bhujia,₹45,,true,4,,https://cdn.grofers.com/app/assets/products/sliding_images/jpeg/c2043394-d83c-4375-8410-6dcf8349f9c7.jpg?ts=1721124863,,Balaji
1237,1178,13.00826667,77.64273333,446887,Bikano All Time Mixture Namkeen,₹60,,true,2,,https://cdn.grofers.com/da/cms-assets/cms/product/7d599893-8b2c-4282-865d-8d2dc33f09cc.jpg?ts=1741078025,,Bikano
1237,1178,28.4751,77.4334,495431,Let's Try Lite Multigrain Mixture Namkeen,₹108,₹120,true,10,,https://cdn.grofers.com/app/assets/products/sliding_images/jpeg/a1280f22-7117-4df6-bfea-b573a6ee6c25.jpg?ts=1720380365,,Let's Try
1237,1178,28.4751,77.4334,608,Haldiram's Punjabi Tadka Namkeen Snacks,₹55,,true,25,,https://cdn.grofers.com/da/cms-assets/cms/product/0627ef91-07ab-4cca-8588-3da0e87fe1ef.jpg?ts=1731663969,,Haldiram's
1237,1178,28.4751,77.4334,19266,Haldiram's Bhujia,₹120,,true,3,,https://cdn.grofers.com/app/images/products/sliding_image/19266a.jpg?ts=1688625382,,Haldiram's
1237,1178,28.4751,77.4334,11142,Haldiram's Fatafat Bhelpuri,₹40,,true,9,,https://cdn.grofers.com/app/images/products/sliding_image/11142a.jpg?ts=1688472268,,Haldiram's
1237,1178,28.4751,77.4334,490550,Crax Aloo Bhujia,₹50,,true,2,,https://cdn.grofers.com/app/assets/products/sliding_images/jpeg/813d675b-0629-4d8c-bc47-9ffd48a36d79.jpg?ts=1708330363,,Crax
1237,1178,28.4751,77.4334,19297,Haldiram's Navratan Mixture Namkeen,₹100,,true,5,,https://cdn.grofers.com/da/cms-assets/cms/product/94ff0242-8a88-494b-bcbc-9b423796b7c1.jpg?ts=1731663946,,Haldiram's
1237,1178,28.4751,77.4334,19274,Haldiram's Bhelpuri / Bhelpuri,₹55,,true,10,,https://cdn.grofers.com/app/images/products/sliding_image/19274a.jpg?ts=1688625383,,Haldiram's
1237,1178,28.4751,77.4334,446887,Bikano All Time Mixture Namkeen,₹60,,true,6,,https://cdn.grofers.com/da/cms-assets/cms/product/7d599893-8b2c-4282-865d-8d2dc33f09cc.jpg?ts=1741078025,,Bikano
1237,1178,28.4751,77.4334,17148,Haldiram's Aloo Bhujia,₹110,,true,14,,https://cdn.grofers.com/da/cms-assets/cms/product/de567301-b3e2-42ef-b4cc-f2b40ab0860b.jpg?ts=1730789190,,Haldiram's
1237,1178,28.4751,77.4334,11187,Haldiram's Kaju Mixture Namkeen,₹95,,true,20,,https://cdn.grofers.com/app/images/products/sliding_image/11187a.jpg?ts=1688472268,,Haldiram's
1237,1178,28.4751,77.4334,446889,Bikano Bikaneri Bhujia,₹60,,true,7,,https://cdn.grofers.com/da/cms-assets/cms/product/8f61b511-76c6-43a5-ac1d-6fc487c660cf.jpg?ts=1736785728,,Bikano
1237,1178,28.4751,77.4334,17707,Haldiram's Panchratan Mixture Namkeen,₹100,,true,11,,https://cdn.grofers.com/app/images/products/sliding_image/17707a.jpg?ts=1687948392,,Haldiram's
1237,1178,28.4751,77.4334,17706,Haldiram's Nimbu Masala Namkeen,₹55,,true,18,,https://cdn.grofers.com/da/cms-assets/cms/product/e8b135b3-a0cf-40bc-a4bb-c493a1643796.jpg?ts=1731047466,,Haldiram's
1237,1178,28.4751,77.4334,19295,Haldiram's Moong Dal Namkeen,₹120,,true,2,,https://cdn.grofers.com/app/images/products/sliding_image/19295a.jpg?ts=1688625383,,Haldiram's
1237,1178,28.4751,77.4334,19263,Haldiram's Shahi Dal Biji Mixture Namkeen,₹60,,true,3,,https://cdn.grofers.com/app/assets/products/sliding_images/jpeg/43038421-7aa5-440e-8998-04a7b8aa805a.jpg?ts=1708406513,,Haldiram's
1237,1178,26.85653333,75.71283333,62119,Bikaji Bhujia,₹120,₹122,true,13,,https://cdn.grofers.com/da/cms-assets/cms/product/6a21ea46-2bc1-42b3-a872-b91293c52339.jpg?ts=1743581950,,Bikaji
1237,1178,26.85653333,75.71283333,446889,Bikano Bikaneri Bhujia,₹60,,true,7,,https://cdn.grofers.com/da/cms-assets/cms/product/8f61b511-76c6-43a5-ac1d-6fc487c660cf.jpg?ts=1736785728,,Bikano
1237,1178,26.85653333,75.71283333,91091,Bikaji Kuch Kuch All In One Mixture Namkeen,₹61,₹62,true,10,,https://cdn.grofers.com/app/images/products/sliding_image/91091a.jpg?ts=1688628108,,Bikaji
1237,1178,26.85653333,75.71283333,62118,Bikaji Bikaneri Bhujia,₹317,₹330,true,8,,https://cdn.grofers.com/da/cms-assets/cms/product/09aa0ce7-d4d9-48c9-96c9-6dcc10147e84.jpg?ts=1728541023,,Bikaji
1237,1178,26.85653333,75.71283333,446887,Bikano All Time Mixture Namkeen,₹70,,true,4,,https://cdn.grofers.com/da/cms-assets/cms/product/7d599893-8b2c-4282-865d-8d2dc33f09cc.jpg?ts=1741078025,,Bikano
1237,1178,26.85653333,75.71283333,533325,Let's Try Sabudana Falhari Mixture,₹64,₹100,true,9,,https://cdn.grofers.com/da/cms-assets/cms/product/ce9ba154-3bec-44a0-bf92-883812dc12dd.jpg?ts=1741158397,,Let's Try
1237,1178,26.85653333,75.71283333,481983,Bikano Aloo Bhujia - Pack of 2,₹109,₹110,true,4,,https://cdn.grofers.com/da/cms-assets/cms/product/d744d7c2-68ae-431e-a100-f4e0b921f51d.jpg?ts=1741587063,,Bikano
1237,1178,26.85653333,75.71283333,524535,Let's Try Namkeen Combo,₹81,₹90,true,12,,https://cdn.grofers.com/da/cms-assets/cms/product/f5026c2a-b59f-43c6-a82f-b500902f0865.jpg?ts=1741158394,,Let's Try
1237,1178,26.85653333,75.71283333,62131,Bikaji Tana Tan Aloo Bhujia,₹118,₹120,true,5,,https://cdn.grofers.com/app/assets/products/sliding_images/jpeg/210d3187-a2f0-4f72-9f8d-2239e99e6dd3.jpg?ts=1726571288,,Bikaji
1237,1178,26.85653333,75.71283333,372141,Chheda's Nylon Sev Bhujia,₹55,,true,2,,https://cdn.grofers.com/app/images/products/sliding_image/372141a.jpg?ts=1687755237,,Chheda's
1237,1178,26.85653333,75.71283333,512766,Let's Try Falhari Mixture,₹64,₹100,true,23,,https://cdn.grofers.com/da/cms-assets/cms/product/37a90ab3-53f7-4f9b-9866-e4094774bb50.jpg?ts=1741158381,,Let's Try
1237,1178,26.85653333,75.71283333,111585,Bikaji Ratlami Chatpata Sev Bhujia,₹104,₹105,true,11,,https://cdn.grofers.com/app/images/products/sliding_image/111585a.jpg?ts=1688469109,,Bikaji
1237,1178,26.85653333,75.71283333,446963,Bikano Khatta Meetha Mixture Namkeen,₹60,,true,9,,https://cdn.grofers.com/da/cms-assets/cms/product/7446db05-15e8-45e0-bbcb-4f4355b16aaa.jpg?ts=1738758009,,Bikano
1237,1178,26.85653333,75.71283333,94178,Bikaji Moong Dal Namkeen,₹119,₹122,true,7,,https://cdn.grofers.com/app/images/products/sliding_image/94178a.jpg?ts=1688628110,,Bikaji
1237,1178,26.85653333,75.71283333,62127,Bikaji Navratna Sub Kuch Mixture Namkeen,₹119,₹122,true,6,,https://cdn.grofers.com/da/cms-assets/cms/product/df628951-1442-4d3a-9741-23a15de56e02.jpg?ts=1728383523,,Bikaji
1237,1178,26.8982,75.8295,62119,Bikaji Bhujia,₹120,₹122,true,16,,https://cdn.grofers.com/da/cms-assets/cms/product/6a21ea46-2bc1-42b3-a872-b91293c52339.jpg?ts=1743581950,,Bikaji
1237,1178,26.8982,75.8295,446889,Bikano Bikaneri Bhujia,₹60,,true,7,,https://cdn.grofers.com/da/cms-assets/cms/product/8f61b511-76c6-43a5-ac1d-6fc487c660cf.jpg?ts=1736785728,,Bikano
1237,1178,26.8982,75.8295,91091,Bikaji Kuch Kuch All In One Mixture Namkeen,₹61,₹62,true,8,,https://cdn.grofers.com/app/images/products/sliding_image/91091a.jpg?ts=1688628108,,Bikaji
1237,1178,26.8982,75.8295,524899,Bikaji Mobile Chowpati Bhelpuri,₹45,₹49,true,8,,https://cdn.grofers.com/app/assets/products/sliding_images/jpeg/d807d38b-c528-43ea-9c55-dcd8c621a2b1.jpg?ts=1707312509,,Bikaji
1237,1178,26.8982,75.8295,111478,Bikaji Bikaneri Bhujia,₹61,₹62,true,1,,https://cdn.grofers.com/app/images/products/sliding_image/111478a.jpg?ts=1690813902,,Bikaji
1237,1178,26.8982,75.8295,67832,Bikaji Tana Tan Aloo Bhujia,₹329,₹350,true,1,,https://cdn.grofers.com/app/assets/products/sliding_images/jpeg/1bd71174-269c-45e3-bc14-5bca967a3081.jpg?ts=1727353128,,Bikaji
1237,1178,26.8982,75.8295,62121,Bikaji All in One Kuch Kuch Mixture Namkeen,₹340,₹350,true,6,,https://cdn.grofers.com/da/cms-assets/cms/product/57ff80fa-db7e-46a0-b35c-49a2cd7a751f.jpg?ts=1729855737,,Bikaji
1237,1178,26.8982,75.8295,512766,Let's Try Falhari Mixture,₹60,₹100,true,3,,https://cdn.grofers.com/da/cms-assets/cms/product/37a90ab3-53f7-4f9b-9866-e4094774bb50.jpg?ts=1741158381,,Let's Try
1237,1178,26.8982,75.8295,446963,Bikano Khatta Meetha Mixture Namkeen,₹60,,true,7,,https://cdn.grofers.com/da/cms-assets/cms/product/7446db05-15e8-45e0-bbcb-4f4355b16aaa.jpg?ts=1738758009,,Bikano
1237,1178,26.8982,75.8295,94178,Bikaji Moong Dal Namkeen,₹119,₹122,true,2,,https://cdn.grofers.com/app/images/products/sliding_image/94178a.jpg?ts=1688628110,,Bikaji
1237,1178,26.8982,75.8295,62127,Bikaji Navratna Sub Kuch Mixture Namkeen,₹119,₹122,true,7,,https://cdn.grofers.com/da/cms-assets/cms/product/df628951-1442-4d3a-9741-23a15de56e02.jpg?ts=1728383523,,Bikaji
1237,1178,26.8982,75.8295,25471,Garden Sabudana Chivda Namkeen,₹50,₹55,true,4,,https://cdn.grofers.com/app/assets/products/sliding_images/jpeg/364b26ab-11c2-444c-858f-e1dffa036e7d.jpg?ts=1708588725,,Garden
1237,1178,26.8982,75.8295,62130,Bikaji Khatta Meetha Tana Bana Mixture Namkeen,₹117,₹120,true,1,,https://cdn.grofers.com/app/assets/products/sliding_images/jpeg/3f323748-fa48-40a4-9d36-c30a0e8edf48.jpg?ts=1726571320,,Bikaji
1237,1178,26.8982,75.8295,25468,Garden Nylon Sev Bhujia,₹50,₹55,true,1,,https://cdn.grofers.com/app/assets/products/sliding_images/jpeg/55ae2fcc-5b94-49b3-8fc5-107c40feaafd.jpg?ts=1708588725,,Garden
1237,1178,26.8982,75.8295,443281,Udupi Munch Garlic Mixture Namkeen,₹51,₹60,true,3,,https://cdn.grofers.com/da/cms-assets/cms/product/6fc02a35-9920-468d-a255-b1ce1441ffc2.jpg?ts=1728850993,,Udupi Munch
1237,1178,18.54316667,73.914,372138,Chheda's Farsan Mixture Namkeen,₹55,,true,30,,https://cdn.grofers.com/app/images/products/sliding_image/372138a.jpg?ts=1687616753,,Chheda's
1237,1178,18.54316667,73.914,17149,Haldiram's Nagpur Sev Bhujia,₹120,,true,7,,https://cdn.grofers.com/app/images/products/sliding_image/17149a.jpg?ts=1690814922,,Haldiram's Nagpur
1237,1178,18.54316667,73.914,372141,Chheda's Nylon Sev Bhujia,₹55,,true,16,,https://cdn.grofers.com/app/images/products/sliding_image/372141a.jpg?ts=1687755237,,Chheda's
1237,1178,18.54316667,73.914,115585,Balaji Aloo Sev Bhujia,₹45,,true,9,,https://cdn.grofers.com/app/assets/products/sliding_images/jpeg/c2043394-d83c-4375-8410-6dcf8349f9c7.jpg?ts=1721124863,,Balaji
1237,1178,18.54316667,73.914,532366,Kalyan bhel Ready To Eat Bhelpuri,₹90,,true,5,,https://cdn.grofers.com/app/images/products/sliding_image/532366a.jpg,,Kalyan bhel
1237,1178,18.54316667,73.914,62119,Bikaji Bhujia,₹118,₹122,true,3,,https://cdn.grofers.com/da/cms-assets/cms/product/6a21ea46-2bc1-42b3-a872-b91293c52339.jpg?ts=1743581950,,Bikaji
1237,1178,18.54316667,73.914,481913,Rajam Snacks Garlic Mixture Namkeen - Pack of 2,₹137,₹138,true,3,,https://cdn.grofers.com/app/images/products/full_screen/pro_481913.jpg?ts=1710347277,,Rajam Snacks
1237,1178,18.54316667,73.914,545914,Balaji Murmura Sev Bhujia,₹45,,true,8,,https://cdn.grofers.com/app/assets/products/sliding_images/jpeg/41a459d3-0cd0-4952-9cfc-33ccaaedb4a0.jpg?ts=1721125030,,Balaji
1237,1178,18.54316667,73.914,524535,Let's Try Namkeen Combo,₹81,₹90,true,2,,https://cdn.grofers.com/da/cms-assets/cms/product/f5026c2a-b59f-43c6-a82f-b500902f0865.jpg?ts=1741158394,,Let's Try
1237,1178,18.54316667,73.914,524534,Haldiram's Nagpur Fine Bhel Sev Bhujia,₹36,₹60,true,2,,https://cdn.grofers.com/app/images/products/sliding_image/524534a.jpg,,Haldiram's Nagpur
1237,1178,18.54316667,73.914,58596,Chheda's Tikha Sev Bhujia,₹55,,true,12,,https://cdn.grofers.com/app/images/products/sliding_image/58596a.jpg?ts=1687948909,,Chheda's
1237,1178,18.54316667,73.914,524899,Bikaji Mobile Chowpati Bhelpuri,₹38,₹49,true,6,,https://cdn.grofers.com/app/assets/products/sliding_images/jpeg/d807d38b-c528-43ea-9c55-dcd8c621a2b1.jpg?ts=1707312509,,Bikaji
1237,1178,18.54316667,73.914,110300,Chitale Farsan Mixture Namkeen,₹80,,true,13,,https://cdn.grofers.com/da/cms-assets/cms/product/1edac190-d2e9-49df-ad68-29a96996c0b4.jpg?ts=1742192245,,Chitale
1237,1178,18.54316667,73.914,13826,Babus LaxmiNarayan Best Chiwda Corn Flakes Chivda Namkeen,₹110,,true,1,,https://cdn.grofers.com/app/images/products/sliding_image/13826a.jpg?ts=1687262750,,Babus LaxmiNarayan Best Chiwda
1237,1178,18.54316667,73.914,33080,Haldiram's Nagpur Falhari Mixture,₹50,,true,18,,https://cdn.grofers.com/app/assets/products/sliding_images/jpeg/7140bf5d-e0c8-4a39-98d2-9b8539c926fd.jpg?ts=1708591114,,Haldiram's Nagpur
1237,1694,28.678051,77.314262,617464,Crax Namkeen Party Combo,₹62,₹90,true,2,,https://cdn.grofers.com/da/cms-assets/cms/product/549b335b-f87b-48a1-b73f-76d8d0d7e852.jpg,,Crax
1237,1694,28.678051,77.314262,496308,Open Secret Cookies Brownie & Dry Fruits Gift Pack,₹298,₹350,true,1,,https://cdn.grofers.com/app/assets/products/sliding_images/jpeg/758c7e8c-28ba-4676-bd35-cd87b63b1218.jpg?ts=1723697397,,Open Secret
1237,1694,28.678051,77.314262,634874,Open Secret Zero Maida Chocolate Almond Protein Cookies +  Cookies Brownie & Dry Fruits Gift Pack Combo,₹391,₹455,true,1,,https://cdn.grofers.com/da/cms-assets/cms/product/8b030c6a-6ff2-41af-b488-659a8e5090ca.jpg?ts=1742904808,,
1237,1694,28.678051,77.314262,634922,Open Secret White Chocolate Cashew Protein Cookies +  Cookies Brownie & Dry Fruits Gift Pack Combo,₹391,₹455,true,1,,https://cdn.grofers.com/da/cms-assets/cms/product/d4dcc20f-4641-45f1-addc-eeb5c03f0ba3.jpg?ts=1742970267,,
1237,1694,28.678051,77.314262,424025,4700BC Nutty Tuxedo Chocolate Popcorn,₹238,₹250,true,3,,https://cdn.grofers.com/da/cms-assets/cms/product/880bd059-d19d-4f51-b885-1710679aed90.jpg?ts=1729262569,,4700BC
1237,1694,28.678051,77.314262,495576,4700BC Nutty Tuxedo Chocolate Popcorn Gift Pack,₹475,₹499,false,0,,https://cdn.grofers.com/da/cms-assets/cms/product/de543f1f-cb33-4ecd-b20c-b567e63641fc.jpg?ts=1729241386,,4700BC
1237,1694,28.678051,77.314262,495583,Cornitos Snacker's Delight Gift Pack,₹225,,false,0,,https://cdn.grofers.com/da/cms-assets/cms/product/0afd1908-9bb3-40d5-bb74-1b205b9922e5.jpg?ts=1729762818,,Cornitos
1237,1694,28.678051,77.314262,634956,Open Secret Zero Maida Assorted Protein Cookies Gift Pack +  Cookies Brownie & Dry Fruits Gift Pack Combo,₹391,₹455,false,0,,https://cdn.grofers.com/da/cms-assets/cms/product/295725ac-bc9c-44d6-ac4b-fabc7d168ff4.jpg?ts=1742970287,,
1237,1694,28.678051,77.314262,534300,Desi Ghee Dryfruit Besan Laddu by Unibic Swaadesi,₹134,₹230,false,0,,https://cdn.grofers.com/app/assets/products/sliding_images/jpeg/49c25938-e67d-41b2-b857-a6dde6465067.jpg?ts=1724930601,,Unibic Swaadesi
1237,1694,28.5045,77.012,617464,Crax Namkeen Party Combo,₹62,₹90,true,3,,https://cdn.grofers.com/da/cms-assets/cms/product/549b335b-f87b-48a1-b73f-76d8d0d7e852.jpg,,Crax
1237,1694,28.5045,77.012,495576,4700BC Nutty Tuxedo Chocolate Popcorn Gift Pack,₹475,₹499,true,2,,https://cdn.grofers.com/da/cms-assets/cms/product/de543f1f-cb33-4ecd-b20c-b567e63641fc.jpg?ts=1729241386,,4700BC
1237,1694,28.5045,77.012,576267,Cheetos Masala Balls Diwali Gift Pack,₹230,,true,1,,https://cdn.grofers.com/da/cms-assets/cms/product/f2a9a777-8465-4142-a146-2eec58f56894.jpg,,Cheetos
1237,1694,28.5045,77.012,574410,Little Joys Diwali Gift Box,₹649,,true,1,,https://cdn.grofers.com/da/cms-assets/cms/product/57f9d74f-a3d6-405b-87af-29a95a013ffa.jpg?ts=1728389233,,Little Joys
1237,1694,28.5045,77.012,424025,4700BC Nutty Tuxedo Chocolate Popcorn,₹238,₹250,true,1,,https://cdn.grofers.com/da/cms-assets/cms/product/880bd059-d19d-4f51-b885-1710679aed90.jpg?ts=1729262569,,4700BC
1237,1694,28.5045,77.012,480400,4700BC Himalayan Salt Caramel Popcorn,₹190,₹200,true,1,,https://cdn.grofers.com/da/cms-assets/cms/product/cba5f2bb-dc77-4757-a2b4-498e4bc07713.jpg?ts=1729241379,,4700BC
1237,1694,28.5045,77.012,621763,Snackible Munchies Gift Box,₹583,₹799,false,0,,https://cdn.grofers.com/da/cms-assets/cms/product/555ffef1-807c-4719-8031-b691f1de8037.jpg?ts=1743151443,,Snackible
1237,1694,28.5045,77.012,431616,Bikano Albela Gift Pack,₹181,₹185,false,0,,https://cdn.grofers.com/app/assets/products/sliding_images/jpeg/05d4f176-b7d6-438e-bd2d-1102bb6efe38.jpg?ts=1727349950,,Bikano
1237,1694,28.5045,77.012,534300,Desi Ghee Dryfruit Besan Laddu by Unibic Swaadesi,₹164,₹280,false,0,,https://cdn.grofers.com/app/assets/products/sliding_images/jpeg/49c25938-e67d-41b2-b857-a6dde6465067.jpg?ts=1724930601,,Unibic Swaadesi
1237,1694,22.59643333,88.39996667,495576,4700BC Nutty Tuxedo Chocolate Popcorn Gift Pack,₹475,₹499,true,1,,https://cdn.grofers.com/da/cms-assets/cms/product/de543f1f-cb33-4ecd-b20c-b567e63641fc.jpg?ts=1729241386,,4700BC
1237,1694,22.59643333,88.39996667,424025,4700BC Nutty Tuxedo Chocolate Popcorn,₹238,₹250,true,2,,https://cdn.grofers.com/da/cms-assets/cms/product/880bd059-d19d-4f51-b885-1710679aed90.jpg?ts=1729262569,,4700BC
1237,1694,22.59643333,88.39996667,480400,4700BC Himalayan Salt Caramel Popcorn,₹190,₹200,true,4,,https://cdn.grofers.com/da/cms-assets/cms/product/cba5f2bb-dc77-4757-a2b4-498e4bc07713.jpg?ts=1729241379,,4700BC
1237,1694,22.59643333,88.39996667,617464,Crax Namkeen Party Combo,₹62,₹90,false,0,,https://cdn.grofers.com/da/cms-assets/cms/product/549b335b-f87b-48a1-b73f-76d8d0d7e852.jpg,,Crax
1237,1694,22.59643333,88.39996667,534300,Desi Ghee Dryfruit Besan Laddu by Unibic Swaadesi,₹134,₹230,false,0,,https://cdn.grofers.com/app/assets/products/sliding_images/jpeg/49c25938-e67d-41b2-b857-a6dde6465067.jpg?ts=1724930601,,Unibic Swaadesi
1237,1694,23.1090018,72.57299832,617464,Crax Namkeen Party Combo,₹62,₹90,true,1,,https://cdn.grofers.com/da/cms-assets/cms/product/549b335b-f87b-48a1-b73f-76d8d0d7e852.jpg,,Crax
1237,1694,23.1090018,72.57299832,495576,4700BC Nutty Tuxedo Chocolate Popcorn Gift Pack,₹475,₹499,true,1,,https://cdn.grofers.com/da/cms-assets/cms/product/de543f1f-cb33-4ecd-b20c-b567e63641fc.jpg?ts=1729241386,,4700BC
1237,1694,23.1090018,72.57299832,424025,4700BC Nutty Tuxedo Chocolate Popcorn,₹238,₹250,true,2,,https://cdn.grofers.com/da/cms-assets/cms/product/880bd059-d19d-4f51-b885-1710679aed90.jpg?ts=1729262569,,4700BC
1237,1694,23.1090018,72.57299832,480400,4700BC Himalayan Salt Caramel Popcorn,₹190,₹200,true,2,,https://cdn.grofers.com/da/cms-assets/cms/product/cba5f2bb-dc77-4757-a2b4-498e4bc07713.jpg?ts=1729241379,,4700BC
1237,1694,23.1090018,72.57299832,532903,Haldiram's Nagpur Supreme Joy Gift Pack,₹250,,false,0,,https://cdn.grofers.com/app/assets/products/sliding_images/jpeg/36731685-a6fc-409c-89ff-c7fb6d26db52.jpg?ts=1708593418,,Haldiram's Nagpur
1237,1694,23.1090018,72.57299832,534300,Desi Ghee Dryfruit Besan Laddu by Unibic Swaadesi,₹164,₹280,false,0,,https://cdn.grofers.com/app/assets/products/sliding_images/jpeg/49c25938-e67d-41b2-b857-a6dde6465067.jpg?ts=1724930601,,Unibic Swaadesi
1237,1694,18.95833333,72.83333333,617464,Crax Namkeen Party Combo,₹63,₹90,true,1,,https://cdn.grofers.com/da/cms-assets/cms/product/549b335b-f87b-48a1-b73f-76d8d0d7e852.jpg,,Crax
1237,1694,18.95833333,72.83333333,495577,Haldiram's Meetha Bhi Namkeen Bhi Gift Pack,₹296,₹299,true,1,,https://cdn.grofers.com/app/assets/products/sliding_images/jpeg/c94a7550-9d90-4521-86cf-83c954e9eef0.jpg?ts=1727244137,,Haldiram's
1237,1694,18.95833333,72.83333333,424025,4700BC Nutty Tuxedo Chocolate Popcorn,₹238,₹250,true,1,,https://cdn.grofers.com/da/cms-assets/cms/product/880bd059-d19d-4f51-b885-1710679aed90.jpg?ts=1729262569,,4700BC
1237,1694,18.95833333,72.83333333,570514,Bikaji Rishtey Gift Pack,₹395,,false,0,,https://cdn.grofers.com/da/cms-assets/cms/product/a2a888cc-431f-469f-b19e-816ef1846759.jpg?ts=1730019646,,Bikaji
1237,1694,18.95833333,72.83333333,560375,Snackible Rakhi Gift Box by,₹399,,false,0,,https://cdn.grofers.com/app/assets/products/sliding_images/jpeg/6126729b-4567-4f54-9756-8bbfdd0b61e9.jpg?ts=1723296767,,Snackible
1237,1694,18.95833333,72.83333333,569292,Mr. Makhana Gift Pack,₹450,,false,0,,https://cdn.grofers.com/app/assets/products/sliding_images/jpeg/f208c5b2-1163-4359-9043-b73f7c6b8f64.jpg?ts=1726747151,,Mr. Makhana
1237,1694,18.95833333,72.83333333,406179,Bikano Meetha Chatpata Gift Pack,₹355,₹370,false,0,,https://cdn.grofers.com/app/assets/products/sliding_images/jpeg/4fcea6f8-d77c-4b2d-94b3-f4d53ff4d56d.jpg?ts=1727349931,,Bikano
1237,1694,18.95833333,72.83333333,495576,4700BC Nutty Tuxedo Chocolate Popcorn Gift Pack,₹475,₹499,false,0,,https://cdn.grofers.com/da/cms-assets/cms/product/de543f1f-cb33-4ecd-b20c-b567e63641fc.jpg?ts=1729241386,,4700BC
1237,1694,18.95833333,72.83333333,431747,Bikano Abhinandan Gift Pack,₹260,₹270,false,0,,https://cdn.grofers.com/app/assets/products/sliding_images/jpeg/1e22a7ff-87b7-4179-90fc-f1b53ad99be9.jpg?ts=1727349958,,Bikano
1237,1694,18.95833333,72.83333333,534300,Desi Ghee Dryfruit Besan Laddu by Unibic Swaadesi,₹164,₹280,false,0,,https://cdn.grofers.com/app/assets/products/sliding_images/jpeg/49c25938-e67d-41b2-b857-a6dde6465067.jpg?ts=1724930601,,Unibic Swaadesi
1237,1694,18.95833333,72.83333333,480400,4700BC Himalayan Salt Caramel Popcorn,₹190,₹200,false,0,,https://cdn.grofers.com/da/cms-assets/cms/product/cba5f2bb-dc77-4757-a2b4-498e4bc07713.jpg?ts=1729241379,,4700BC
1237,1694,28.7045,77.15366667,574410,Little Joys Diwali Gift Box,₹649,,true,1,,https://cdn.grofers.com/da/cms-assets/cms/product/57f9d74f-a3d6-405b-87af-29a95a013ffa.jpg?ts=1728389233,,Little Joys
1237,1694,28.7045,77.15366667,495576,4700BC Nutty Tuxedo Chocolate Popcorn Gift Pack,₹475,₹499,true,1,,https://cdn.grofers.com/da/cms-assets/cms/product/de543f1f-cb33-4ecd-b20c-b567e63641fc.jpg?ts=1729241386,,4700BC
1237,1694,28.7045,77.15366667,424025,4700BC Nutty Tuxedo Chocolate Popcorn,₹238,₹250,true,3,,https://cdn.grofers.com/da/cms-assets/cms/product/880bd059-d19d-4f51-b885-1710679aed90.jpg?ts=1729262569,,4700BC
1237,1694,28.7045,77.15366667,617464,Crax Namkeen Party Combo,₹62,₹90,false,0,,https://cdn.grofers.com/da/cms-assets/cms/product/549b335b-f87b-48a1-b73f-76d8d0d7e852.jpg,,Crax
1237,1694,28.7045,77.15366667,534300,Desi Ghee Dryfruit Besan Laddu by Unibic Swaadesi,₹140,₹230,false,0,,https://cdn.grofers.com/app/assets/products/sliding_images/jpeg/49c25938-e67d-41b2-b857-a6dde6465067.jpg?ts=1724930601,,Unibic Swaadesi
1237,1694,12.88326667,77.5594,621763,Snackible Munchies Gift Box,₹583,₹799,true,1,,https://cdn.grofers.com/da/cms-assets/cms/product/555ffef1-807c-4719-8031-b691f1de8037.jpg?ts=1743151443,,Snackible
1237,1694,12.88326667,77.5594,560375,Snackible Rakhi Gift Box by,₹399,,true,1,,https://cdn.grofers.com/app/assets/products/sliding_images/jpeg/6126729b-4567-4f54-9756-8bbfdd0b61e9.jpg?ts=1723296767,,Snackible
1237,1694,12.88326667,77.5594,534300,Desi Ghee Dryfruit Besan Laddu by Unibic Swaadesi,₹134,₹230,true,2,,https://cdn.grofers.com/app/assets/products/sliding_images/jpeg/49c25938-e67d-41b2-b857-a6dde6465067.jpg?ts=1724930601,,Unibic Swaadesi
1237,1694,12.88326667,77.5594,424025,4700BC Nutty Tuxedo Chocolate Popcorn,₹214,₹225,true,2,,https://cdn.grofers.com/da/cms-assets/cms/product/880bd059-d19d-4f51-b885-1710679aed90.jpg?ts=1729262569,,4700BC
1237,1694,12.88326667,77.5594,480400,4700BC Himalayan Salt Caramel Popcorn,₹190,₹200,true,1,,https://cdn.grofers.com/da/cms-assets/cms/product/cba5f2bb-dc77-4757-a2b4-498e4bc07713.jpg?ts=1729241379,,4700BC
1237,1694,12.88326667,77.5594,495576,4700BC Nutty Tuxedo Chocolate Popcorn Gift Pack,₹475,₹499,false,0,,https://cdn.grofers.com/da/cms-assets/cms/product/de543f1f-cb33-4ecd-b20c-b567e63641fc.jpg?ts=1729241386,,4700BC
1237,1694,12.88326667,77.5594,406179,Bikano Meetha Chatpata Gift Pack,₹355,₹370,false,0,,https://cdn.grofers.com/app/assets/products/sliding_images/jpeg/4fcea6f8-d77c-4b2d-94b3-f4d53ff4d56d.jpg?ts=1727349931,,Bikano
1237,1694,12.88326667,77.5594,578444,Sweet Karam Coffee Confluence of South Gift Pack - Pack of 2,₹539,₹798,false,0,,https://cdn.grofers.com/da/cms-assets/cms/product/7c294d9b-aa0b-4bac-8bca-9655d0d2943d.jpg?ts=1729755658,,Sweet Karam Coffee
1237,1694,12.88326667,77.5594,617464,Crax Namkeen Party Combo,₹62,₹90,false,0,,https://cdn.grofers.com/da/cms-assets/cms/product/549b335b-f87b-48a1-b73f-76d8d0d7e852.jpg,,Crax
1237,1694,28.7295,77.12866667,574410,Little Joys Diwali Gift Box,₹649,,true,1,,https://cdn.grofers.com/da/cms-assets/cms/product/57f9d74f-a3d6-405b-87af-29a95a013ffa.jpg?ts=1728389233,,Little Joys
1237,1694,28.7295,77.12866667,495576,4700BC Nutty Tuxedo Chocolate Popcorn Gift Pack,₹475,₹499,true,1,,https://cdn.grofers.com/da/cms-assets/cms/product/de543f1f-cb33-4ecd-b20c-b567e63641fc.jpg?ts=1729241386,,4700BC
1237,1694,28.7295,77.12866667,534300,Desi Ghee Dryfruit Besan Laddu by Unibic Swaadesi,₹143,₹230,true,4,,https://cdn.grofers.com/app/assets/products/sliding_images/jpeg/49c25938-e67d-41b2-b857-a6dde6465067.jpg?ts=1724930601,,Unibic Swaadesi
1237,1694,28.7295,77.12866667,424025,4700BC Nutty Tuxedo Chocolate Popcorn,₹238,₹250,true,1,,https://cdn.grofers.com/da/cms-assets/cms/product/880bd059-d19d-4f51-b885-1710679aed90.jpg?ts=1729262569,,4700BC
1237,1694,28.7295,77.12866667,480400,4700BC Himalayan Salt Caramel Popcorn,₹190,₹200,true,1,,https://cdn.grofers.com/da/cms-assets/cms/product/cba5f2bb-dc77-4757-a2b4-498e4bc07713.jpg?ts=1729241379,,4700BC
1237,1694,28.7295,77.12866667,617464,Crax Namkeen Party Combo,₹62,₹90,false,0,,https://cdn.grofers.com/da/cms-assets/cms/product/549b335b-f87b-48a1-b73f-76d8d0d7e852.jpg,,Crax
1237,1694,28.7295,77.12866667,513246,Pringles Crispy Gift Pack (Original & Sour Cream and Onion),₹300,,false,0,,https://cdn.grofers.com/da/cms-assets/cms/product/5c9d2e33-0dfd-41f7-a923-d0b123cf6030.jpg?ts=1728559296,,Pringles
1237,1694,28.7295,77.12866667,569292,Mr. Makhana Gift Pack,₹450,,false,0,,https://cdn.grofers.com/app/assets/products/sliding_images/jpeg/f208c5b2-1163-4359-9043-b73f7c6b8f64.jpg?ts=1726747151,,Mr. Makhana
1237,1694,28.67571622,77.36149677,617464,Crax Namkeen Party Combo,₹62,₹90,true,2,,https://cdn.grofers.com/da/cms-assets/cms/product/549b335b-f87b-48a1-b73f-76d8d0d7e852.jpg,,Crax
1237,1694,28.67571622,77.36149677,496308,Open Secret Cookies Brownie & Dry Fruits Gift Pack,₹298,₹350,true,1,,https://cdn.grofers.com/app/assets/products/sliding_images/jpeg/758c7e8c-28ba-4676-bd35-cd87b63b1218.jpg?ts=1723697397,,Open Secret
1237,1694,28.67571622,77.36149677,574410,Little Joys Diwali Gift Box,₹649,,true,1,,https://cdn.grofers.com/da/cms-assets/cms/product/57f9d74f-a3d6-405b-87af-29a95a013ffa.jpg?ts=1728389233,,Little Joys
1237,1694,28.67571622,77.36149677,495576,4700BC Nutty Tuxedo Chocolate Popcorn Gift Pack,₹475,₹499,true,1,,https://cdn.grofers.com/da/cms-assets/cms/product/de543f1f-cb33-4ecd-b20c-b567e63641fc.jpg?ts=1729241386,,4700BC
1237,1694,28.67571622,77.36149677,634956,Open Secret Zero Maida Assorted Protein Cookies Gift Pack +  Cookies Brownie & Dry Fruits Gift Pack Combo,₹391,₹455,true,1,,https://cdn.grofers.com/da/cms-assets/cms/product/295725ac-bc9c-44d6-ac4b-fabc7d168ff4.jpg?ts=1742970287,,
1237,1694,28.67571622,77.36149677,634874,Open Secret Zero Maida Chocolate Almond Protein Cookies +  Cookies Brownie & Dry Fruits Gift Pack Combo,₹391,₹455,true,1,,https://cdn.grofers.com/da/cms-assets/cms/product/8b030c6a-6ff2-41af-b488-659a8e5090ca.jpg?ts=1742904808,,
1237,1694,28.67571622,77.36149677,634922,Open Secret White Chocolate Cashew Protein Cookies +  Cookies Brownie & Dry Fruits Gift Pack Combo,₹391,₹455,true,1,,https://cdn.grofers.com/da/cms-assets/cms/product/d4dcc20f-4641-45f1-addc-eeb5c03f0ba3.jpg?ts=1742970267,,
1237,1694,28.67571622,77.36149677,480400,4700BC Himalayan Salt Caramel Popcorn,₹190,₹200,true,1,,https://cdn.grofers.com/da/cms-assets/cms/product/cba5f2bb-dc77-4757-a2b4-498e4bc07713.jpg?ts=1729241379,,4700BC
1237,1694,28.67571622,77.36149677,424025,4700BC Nutty Tuxedo Chocolate Popcorn,₹238,₹250,true,3,,https://cdn.grofers.com/da/cms-assets/cms/product/880bd059-d19d-4f51-b885-1710679aed90.jpg?ts=1729262569,,4700BC
1237,1694,28.67571622,77.36149677,571191,Sweet Karam Coffee Confluence of South Gift Pack,₹273,₹399,false,0,,https://cdn.grofers.com/da/cms-assets/cms/product/401e21db-cd77-4e1f-a17c-3b82b48647a3.jpg?ts=1728628816,,Sweet Karam Coffee
1237,1694,28.67571622,77.36149677,576267,Cheetos Masala Balls Diwali Gift Pack,₹230,,false,0,,https://cdn.grofers.com/da/cms-assets/cms/product/f2a9a777-8465-4142-a146-2eec58f56894.jpg,,Cheetos
1237,1694,28.67571622,77.36149677,534300,Desi Ghee Dryfruit Besan Laddu by Unibic Swaadesi,₹134,₹230,false,0,,https://cdn.grofers.com/app/assets/products/sliding_images/jpeg/49c25938-e67d-41b2-b857-a6dde6465067.jpg?ts=1724930601,,Unibic Swaadesi
1237,1694,28.3501,77.31673333,617464,Crax Namkeen Party Combo,₹62,₹90,true,1,,https://cdn.grofers.com/da/cms-assets/cms/product/549b335b-f87b-48a1-b73f-76d8d0d7e852.jpg,,Crax
1237,1694,28.3501,77.31673333,495576,4700BC Nutty Tuxedo Chocolate Popcorn Gift Pack,₹475,₹499,true,1,,https://cdn.grofers.com/da/cms-assets/cms/product/de543f1f-cb33-4ecd-b20c-b567e63641fc.jpg?ts=1729241386,,4700BC
1237,1694,28.3501,77.31673333,574410,Little Joys Diwali Gift Box,₹649,,true,1,,https://cdn.grofers.com/da/cms-assets/cms/product/57f9d74f-a3d6-405b-87af-29a95a013ffa.jpg?ts=1728389233,,Little Joys
1237,1694,28.3501,77.31673333,480400,4700BC Himalayan Salt Caramel Popcorn,₹190,₹200,true,1,,https://cdn.grofers.com/da/cms-assets/cms/product/cba5f2bb-dc77-4757-a2b4-498e4bc07713.jpg?ts=1729241379,,4700BC
1237,1694,28.3501,77.31673333,424025,4700BC Nutty Tuxedo Chocolate Popcorn,₹214,₹225,true,3,,https://cdn.grofers.com/da/cms-assets/cms/product/880bd059-d19d-4f51-b885-1710679aed90.jpg?ts=1729262569,,4700BC
1237,1694,28.3501,77.31673333,534300,Desi Ghee Dryfruit Besan Laddu by Unibic Swaadesi,₹99,₹230,false,0,,https://cdn.grofers.com/app/assets/products/sliding_images/jpeg/49c25938-e67d-41b2-b857-a6dde6465067.jpg?ts=1724930601,,Unibic Swaadesi
1237,1694,28.59086667,77.3054,495576,4700BC Nutty Tuxedo Chocolate Popcorn Gift Pack,₹475,₹499,true,1,,https://cdn.grofers.com/da/cms-assets/cms/product/de543f1f-cb33-4ecd-b20c-b567e63641fc.jpg?ts=1729241386,,4700BC
1237,1694,28.59086667,77.3054,574410,Little Joys Diwali Gift Box,₹649,,true,1,,https://cdn.grofers.com/da/cms-assets/cms/product/57f9d74f-a3d6-405b-87af-29a95a013ffa.jpg?ts=1728389233,,Little Joys
1237,1694,28.59086667,77.3054,424025,4700BC Nutty Tuxedo Chocolate Popcorn,₹238,₹250,true,1,,https://cdn.grofers.com/da/cms-assets/cms/product/880bd059-d19d-4f51-b885-1710679aed90.jpg?ts=1729262569,,4700BC
1237,1694,28.59086667,77.3054,534300,Desi Ghee Dryfruit Besan Laddu by Unibic Swaadesi,₹99,₹230,true,1,,https://cdn.grofers.com/app/assets/products/sliding_images/jpeg/49c25938-e67d-41b2-b857-a6dde6465067.jpg?ts=1724930601,,Unibic Swaadesi
1237,1694,28.59086667,77.3054,617464,Crax Namkeen Party Combo,₹62,₹90,false,0,,https://cdn.grofers.com/da/cms-assets/cms/product/549b335b-f87b-48a1-b73f-76d8d0d7e852.jpg,,Crax
1237,1694,28.59086667,77.3054,513246,Pringles Crispy Gift Pack (Original & Sour Cream and Onion),₹300,,false,0,,https://cdn.grofers.com/da/cms-assets/cms/product/5c9d2e33-0dfd-41f7-a923-d0b123cf6030.jpg?ts=1728559296,,Pringles
1237,1694,28.49553604,77.51297417,617464,Crax Namkeen Party Combo,₹62,₹90,true,1,,https://cdn.grofers.com/da/cms-assets/cms/product/549b335b-f87b-48a1-b73f-76d8d0d7e852.jpg,,Crax
1237,1694,28.49553604,77.51297417,574410,Little Joys Diwali Gift Box,₹649,,true,1,,https://cdn.grofers.com/da/cms-assets/cms/product/57f9d74f-a3d6-405b-87af-29a95a013ffa.jpg?ts=1728389233,,Little Joys
1237,1694,28.49553604,77.51297417,495913,Haldiram's Meetha Teekha Gift Pack,₹349,,false,0,,https://cdn.grofers.com/app/assets/products/sliding_images/jpeg/447bd9b9-d504-452c-a696-9bfe4ecb781f.jpg?ts=1727244323,,Haldiram's
1237,1694,28.49553604,77.51297417,495576,4700BC Nutty Tuxedo Chocolate Popcorn Gift Pack,₹475,₹499,false,0,,https://cdn.grofers.com/da/cms-assets/cms/product/de543f1f-cb33-4ecd-b20c-b567e63641fc.jpg?ts=1729241386,,4700BC
1237,1694,28.49553604,77.51297417,534300,Desi Ghee Dryfruit Besan Laddu by Unibic Swaadesi,₹99,₹230,false,0,,https://cdn.grofers.com/app/assets/products/sliding_images/jpeg/49c25938-e67d-41b2-b857-a6dde6465067.jpg?ts=1724930601,,Unibic Swaadesi
1237,1694,28.49553604,77.51297417,424025,4700BC Nutty Tuxedo Chocolate Popcorn,₹238,₹250,false,0,,https://cdn.grofers.com/da/cms-assets/cms/product/880bd059-d19d-4f51-b885-1710679aed90.jpg?ts=1729262569,,4700BC
1237,1694,28.49553604,77.51297417,480400,4700BC Himalayan Salt Caramel Popcorn,₹190,₹200,false,0,,https://cdn.grofers.com/da/cms-assets/cms/product/cba5f2bb-dc77-4757-a2b4-498e4bc07713.jpg?ts=1729241379,,4700BC
1237,1694,28.44176667,77.3084,617464,Crax Namkeen Party Combo,₹62,₹90,true,1,,https://cdn.grofers.com/da/cms-assets/cms/product/549b335b-f87b-48a1-b73f-76d8d0d7e852.jpg,,Crax
1237,1694,28.44176667,77.3084,574410,Little Joys Diwali Gift Box,₹649,,true,1,,https://cdn.grofers.com/da/cms-assets/cms/product/57f9d74f-a3d6-405b-87af-29a95a013ffa.jpg?ts=1728389233,,Little Joys
1237,1694,28.44176667,77.3084,406180,Bikano Rasmol Gift Pack,₹378,₹390,true,1,,https://cdn.grofers.com/da/cms-assets/cms/product/d8f8cee7-0756-4ba8-8d7e-25c0af033909.jpg?ts=1729665752,,Bikano
1237,1694,28.44176667,77.3084,513246,Pringles Crispy Gift Pack (Original & Sour Cream and Onion),₹300,,true,1,,https://cdn.grofers.com/da/cms-assets/cms/product/5c9d2e33-0dfd-41f7-a923-d0b123cf6030.jpg?ts=1728559296,,Pringles
1237,1694,28.44176667,77.3084,495580,Bikano Shahi Nazrana Gift Pack,₹570,₹590,true,5,,https://cdn.grofers.com/da/cms-assets/cms/product/0d67c003-2841-4746-82cc-243cf4407c21.jpg?ts=1728464340,,Bikano
1237,1694,28.44176667,77.3084,431616,Bikano Albela Gift Pack,₹181,₹185,true,1,,https://cdn.grofers.com/app/assets/products/sliding_images/jpeg/05d4f176-b7d6-438e-bd2d-1102bb6efe38.jpg?ts=1727349950,,Bikano
1237,1694,28.44176667,77.3084,534300,Desi Ghee Dryfruit Besan Laddu by Unibic Swaadesi,₹99,₹230,true,2,,https://cdn.grofers.com/app/assets/products/sliding_images/jpeg/49c25938-e67d-41b2-b857-a6dde6465067.jpg?ts=1724930601,,Unibic Swaadesi
1237,1694,28.44176667,77.3084,424025,4700BC Nutty Tuxedo Chocolate Popcorn,₹238,₹250,true,1,,https://cdn.grofers.com/da/cms-assets/cms/product/880bd059-d19d-4f51-b885-1710679aed90.jpg?ts=1729262569,,4700BC
1237,1694,28.44176667,77.3084,480400,4700BC Himalayan Salt Caramel Popcorn,₹190,₹200,true,2,,https://cdn.grofers.com/da/cms-assets/cms/product/cba5f2bb-dc77-4757-a2b4-498e4bc07713.jpg?ts=1729241379,,4700BC
1237,1694,28.44176667,77.3084,495577,Haldiram's Meetha Bhi Namkeen Bhi Gift Pack,₹296,₹299,false,0,,https://cdn.grofers.com/app/assets/products/sliding_images/jpeg/c94a7550-9d90-4521-86cf-83c954e9eef0.jpg?ts=1727244137,,Haldiram's
1237,1694,28.44176667,77.3084,569292,Mr. Makhana Gift Pack,₹450,,false,0,,https://cdn.grofers.com/app/assets/products/sliding_images/jpeg/f208c5b2-1163-4359-9043-b73f7c6b8f64.jpg?ts=1726747151,,Mr. Makhana
1237,1694,28.44176667,77.3084,495576,4700BC Nutty Tuxedo Chocolate Popcorn Gift Pack,₹475,₹499,false,0,,https://cdn.grofers.com/da/cms-assets/cms/product/de543f1f-cb33-4ecd-b20c-b567e63641fc.jpg?ts=1729241386,,4700BC
1237,1694,28.48783333,77.09533333,617464,Crax Namkeen Party Combo,₹62,₹90,true,3,,https://cdn.grofers.com/da/cms-assets/cms/product/549b335b-f87b-48a1-b73f-76d8d0d7e852.jpg,,Crax
1237,1694,28.48783333,77.09533333,495576,4700BC Nutty Tuxedo Chocolate Popcorn Gift Pack,₹475,₹499,true,1,,https://cdn.grofers.com/da/cms-assets/cms/product/de543f1f-cb33-4ecd-b20c-b567e63641fc.jpg?ts=1729241386,,4700BC
1237,1694,28.48783333,77.09533333,513246,Pringles Crispy Gift Pack (Original & Sour Cream and Onion),₹300,,true,1,,https://cdn.grofers.com/da/cms-assets/cms/product/5c9d2e33-0dfd-41f7-a923-d0b123cf6030.jpg?ts=1728559296,,Pringles
1237,1694,28.48783333,77.09533333,574410,Little Joys Diwali Gift Box,₹649,,true,1,,https://cdn.grofers.com/da/cms-assets/cms/product/57f9d74f-a3d6-405b-87af-29a95a013ffa.jpg?ts=1728389233,,Little Joys
1237,1694,28.48783333,77.09533333,496308,Open Secret Cookies Brownie & Dry Fruits Gift Pack,₹298,₹350,true,1,,https://cdn.grofers.com/app/assets/products/sliding_images/jpeg/758c7e8c-28ba-4676-bd35-cd87b63b1218.jpg?ts=1723697397,,Open Secret
1237,1694,28.48783333,77.09533333,634956,Open Secret Zero Maida Assorted Protein Cookies Gift Pack +  Cookies Brownie & Dry Fruits Gift Pack Combo,₹391,₹455,true,1,,https://cdn.grofers.com/da/cms-assets/cms/product/295725ac-bc9c-44d6-ac4b-fabc7d168ff4.jpg?ts=1742970287,,
1237,1694,28.48783333,77.09533333,634874,Open Secret Zero Maida Chocolate Almond Protein Cookies +  Cookies Brownie & Dry Fruits Gift Pack Combo,₹391,₹455,true,1,,https://cdn.grofers.com/da/cms-assets/cms/product/8b030c6a-6ff2-41af-b488-659a8e5090ca.jpg?ts=1742904808,,
1237,1694,28.48783333,77.09533333,634922,Open Secret White Chocolate Cashew Protein Cookies +  Cookies Brownie & Dry Fruits Gift Pack Combo,₹391,₹455,true,1,,https://cdn.grofers.com/da/cms-assets/cms/product/d4dcc20f-4641-45f1-addc-eeb5c03f0ba3.jpg?ts=1742970267,,
1237,1694,28.48783333,77.09533333,424025,4700BC Nutty Tuxedo Chocolate Popcorn,₹238,₹250,true,1,,https://cdn.grofers.com/da/cms-assets/cms/product/880bd059-d19d-4f51-b885-1710679aed90.jpg?ts=1729262569,,4700BC
1237,1694,28.48783333,77.09533333,480400,4700BC Himalayan Salt Caramel Popcorn,₹190,₹200,true,4,,https://cdn.grofers.com/da/cms-assets/cms/product/cba5f2bb-dc77-4757-a2b4-498e4bc07713.jpg?ts=1729241379,,4700BC
1237,1694,28.48783333,77.09533333,621763,Snackible Munchies Gift Box,₹583,₹799,false,0,,https://cdn.grofers.com/da/cms-assets/cms/product/555ffef1-807c-4719-8031-b691f1de8037.jpg?ts=1743151443,,Snackible
1237,1694,28.48783333,77.09533333,534300,Desi Ghee Dryfruit Besan Laddu by Unibic Swaadesi,₹144,₹280,false,0,,https://cdn.grofers.com/app/assets/products/sliding_images/jpeg/49c25938-e67d-41b2-b857-a6dde6465067.jpg?ts=1724930601,,Unibic Swaadesi
1237,1694,12.93326667,77.61773333,617464,Crax Namkeen Party Combo,₹62,₹90,true,1,,https://cdn.grofers.com/da/cms-assets/cms/product/549b335b-f87b-48a1-b73f-76d8d0d7e852.jpg,,Crax
1237,1694,12.93326667,77.61773333,621763,Snackible Munchies Gift Box,₹583,₹799,true,2,,https://cdn.grofers.com/da/cms-assets/cms/product/555ffef1-807c-4719-8031-b691f1de8037.jpg?ts=1743151443,,Snackible
1237,1694,12.93326667,77.61773333,534300,Desi Ghee Dryfruit Besan Laddu by Unibic Swaadesi,₹164,₹280,true,2,,https://cdn.grofers.com/app/assets/products/sliding_images/jpeg/49c25938-e67d-41b2-b857-a6dde6465067.jpg?ts=1724930601,,Unibic Swaadesi
1237,1694,12.93326667,77.61773333,480400,4700BC Himalayan Salt Caramel Popcorn,₹190,₹200,true,2,,https://cdn.grofers.com/da/cms-assets/cms/product/cba5f2bb-dc77-4757-a2b4-498e4bc07713.jpg?ts=1729241379,,4700BC
1237,1694,12.93326667,77.61773333,424025,4700BC Nutty Tuxedo Chocolate Popcorn,₹238,₹250,true,2,,https://cdn.grofers.com/da/cms-assets/cms/product/880bd059-d19d-4f51-b885-1710679aed90.jpg?ts=1729262569,,4700BC
1237,1694,12.93326667,77.61773333,495576,4700BC Nutty Tuxedo Chocolate Popcorn Gift Pack,₹475,₹499,false,0,,https://cdn.grofers.com/da/cms-assets/cms/product/de543f1f-cb33-4ecd-b20c-b567e63641fc.jpg?ts=1729241386,,4700BC
1237,1694,13.00826667,77.64273333,617464,Crax Namkeen Party Combo,₹62,₹90,true,1,,https://cdn.grofers.com/da/cms-assets/cms/product/549b335b-f87b-48a1-b73f-76d8d0d7e852.jpg,,Crax
1237,1694,13.00826667,77.64273333,480400,4700BC Himalayan Salt Caramel Popcorn,₹190,₹200,true,2,,https://cdn.grofers.com/da/cms-assets/cms/product/cba5f2bb-dc77-4757-a2b4-498e4bc07713.jpg?ts=1729241379,,4700BC
1237,1694,13.00826667,77.64273333,424025,4700BC Nutty Tuxedo Chocolate Popcorn,₹238,₹250,true,6,,https://cdn.grofers.com/da/cms-assets/cms/product/880bd059-d19d-4f51-b885-1710679aed90.jpg?ts=1729262569,,4700BC
1237,1694,13.00826667,77.64273333,621763,Snackible Munchies Gift Box,₹583,₹799,false,0,,https://cdn.grofers.com/da/cms-assets/cms/product/555ffef1-807c-4719-8031-b691f1de8037.jpg?ts=1743151443,,Snackible
1237,1694,13.00826667,77.64273333,578444,Sweet Karam Coffee Confluence of South Gift Pack - Pack of 2,₹539,₹798,false,0,,https://cdn.grofers.com/da/cms-assets/cms/product/7c294d9b-aa0b-4bac-8bca-9655d0d2943d.jpg?ts=1729755658,,Sweet Karam Coffee
1237,1694,13.00826667,77.64273333,534300,Desi Ghee Dryfruit Besan Laddu by Unibic Swaadesi,₹164,₹280,false,0,,https://cdn.grofers.com/app/assets/products/sliding_images/jpeg/49c25938-e67d-41b2-b857-a6dde6465067.jpg?ts=1724930601,,Unibic Swaadesi
1237,1694,28.4751,77.4334,617464,Crax Namkeen Party Combo,₹62,₹90,true,2,,https://cdn.grofers.com/da/cms-assets/cms/product/549b335b-f87b-48a1-b73f-76d8d0d7e852.jpg,,Crax
1237,1694,28.4751,77.4334,495576,4700BC Nutty Tuxedo Chocolate Popcorn Gift Pack,₹475,₹499,true,1,,https://cdn.grofers.com/da/cms-assets/cms/product/de543f1f-cb33-4ecd-b20c-b567e63641fc.jpg?ts=1729241386,,4700BC
1237,1694,28.4751,77.4334,424025,4700BC Nutty Tuxedo Chocolate Popcorn,₹238,₹250,true,1,,https://cdn.grofers.com/da/cms-assets/cms/product/880bd059-d19d-4f51-b885-1710679aed90.jpg?ts=1729262569,,4700BC
1237,1694,28.4751,77.4334,480400,4700BC Himalayan Salt Caramel Popcorn,₹190,₹200,true,1,,https://cdn.grofers.com/da/cms-assets/cms/product/cba5f2bb-dc77-4757-a2b4-498e4bc07713.jpg?ts=1729241379,,4700BC
1237,1694,28.4751,77.4334,621763,Snackible Munchies Gift Box,₹583,₹799,false,0,,https://cdn.grofers.com/da/cms-assets/cms/product/555ffef1-807c-4719-8031-b691f1de8037.jpg?ts=1743151443,,Snackible
1237,1694,28.4751,77.4334,534300,Desi Ghee Dryfruit Besan Laddu by Unibic Swaadesi,₹99,₹230,false,0,,https://cdn.grofers.com/app/assets/products/sliding_images/jpeg/49c25938-e67d-41b2-b857-a6dde6465067.jpg?ts=1724930601,,Unibic Swaadesi
1237,1694,26.85653333,75.71283333,617464,Crax Namkeen Party Combo,₹62,₹90,true,2,,https://cdn.grofers.com/da/cms-assets/cms/product/549b335b-f87b-48a1-b73f-76d8d0d7e852.jpg,,Crax
1237,1694,26.85653333,75.71283333,495576,4700BC Nutty Tuxedo Chocolate Popcorn Gift Pack,₹475,₹499,true,2,,https://cdn.grofers.com/da/cms-assets/cms/product/de543f1f-cb33-4ecd-b20c-b567e63641fc.jpg?ts=1729241386,,4700BC
1237,1694,26.85653333,75.71283333,534300,Desi Ghee Dryfruit Besan Laddu by Unibic Swaadesi,₹116,₹280,true,2,,https://cdn.grofers.com/app/assets/products/sliding_images/jpeg/49c25938-e67d-41b2-b857-a6dde6465067.jpg?ts=1724930601,,Unibic Swaadesi
1237,1694,26.85653333,75.71283333,424025,4700BC Nutty Tuxedo Chocolate Popcorn,₹238,₹250,true,2,,https://cdn.grofers.com/da/cms-assets/cms/product/880bd059-d19d-4f51-b885-1710679aed90.jpg?ts=1729262569,,4700BC
1237,1694,26.85653333,75.71283333,480400,4700BC Himalayan Salt Caramel Popcorn,₹190,₹200,true,2,,https://cdn.grofers.com/da/cms-assets/cms/product/cba5f2bb-dc77-4757-a2b4-498e4bc07713.jpg?ts=1729241379,,4700BC
1237,1694,26.85653333,75.71283333,432589,Bikaji Rishtey Double Mazzaa Gift Pack,₹327,₹360,false,0,,https://cdn.grofers.com/da/cms-assets/cms/product/b7613d4b-6310-4c4e-8737-a53f7bb814ef.jpg?ts=1729772396,,Bikaji
1237,1694,26.8982,75.8295,617464,Crax Namkeen Party Combo,₹62,₹90,true,4,,https://cdn.grofers.com/da/cms-assets/cms/product/549b335b-f87b-48a1-b73f-76d8d0d7e852.jpg,,Crax
1237,1694,26.8982,75.8295,534300,Desi Ghee Dryfruit Besan Laddu by Unibic Swaadesi,₹164,₹280,true,2,,https://cdn.grofers.com/app/assets/products/sliding_images/jpeg/49c25938-e67d-41b2-b857-a6dde6465067.jpg?ts=1724930601,,Unibic Swaadesi
1237,1694,26.8982,75.8295,424025,4700BC Nutty Tuxedo Chocolate Popcorn,₹238,₹250,true,3,,https://cdn.grofers.com/da/cms-assets/cms/product/880bd059-d19d-4f51-b885-1710679aed90.jpg?ts=1729262569,,4700BC
1237,1694,26.8982,75.8295,495576,4700BC Nutty Tuxedo Chocolate Popcorn Gift Pack,₹475,₹499,false,0,,https://cdn.grofers.com/da/cms-assets/cms/product/de543f1f-cb33-4ecd-b20c-b567e63641fc.jpg?ts=1729241386,,4700BC
1237,1694,26.8982,75.8295,480400,4700BC Himalayan Salt Caramel Popcorn,₹190,₹200,false,0,,https://cdn.grofers.com/da/cms-assets/cms/product/cba5f2bb-dc77-4757-a2b4-498e4bc07713.jpg?ts=1729241379,,4700BC
1237,1694,18.54316667,73.914,617464,Crax Namkeen Party Combo,₹62,₹90,true,1,,https://cdn.grofers.com/da/cms-assets/cms/product/549b335b-f87b-48a1-b73f-76d8d0d7e852.jpg,,Crax
1237,1694,18.54316667,73.914,495576,4700BC Nutty Tuxedo Chocolate Popcorn Gift Pack,₹475,₹499,true,3,,https://cdn.grofers.com/da/cms-assets/cms/product/de543f1f-cb33-4ecd-b20c-b567e63641fc.jpg?ts=1729241386,,4700BC
1237,1694,18.54316667,73.914,496308,Open Secret Cookies Brownie & Dry Fruits Gift Pack,₹298,₹350,true,1,,https://cdn.grofers.com/app/assets/products/sliding_images/jpeg/758c7e8c-28ba-4676-bd35-cd87b63b1218.jpg?ts=1723697397,,Open Secret
1237,1694,18.54316667,73.914,634956,Open Secret Zero Maida Assorted Protein Cookies Gift Pack +  Cookies Brownie & Dry Fruits Gift Pack Combo,₹391,₹455,true,1,,https://cdn.grofers.com/da/cms-assets/cms/product/295725ac-bc9c-44d6-ac4b-fabc7d168ff4.jpg?ts=1742970287,,
1237,1694,18.54316667,73.914,634874,Open Secret Zero Maida Chocolate Almond Protein Cookies +  Cookies Brownie & Dry Fruits Gift Pack Combo,₹391,₹455,true,1,,https://cdn.grofers.com/da/cms-assets/cms/product/8b030c6a-6ff2-41af-b488-659a8e5090ca.jpg?ts=1742904808,,
1237,1694,18.54316667,73.914,424025,4700BC Nutty Tuxedo Chocolate Popcorn,₹238,₹250,true,2,,https://cdn.grofers.com/da/cms-assets/cms/product/880bd059-d19d-4f51-b885-1710679aed90.jpg?ts=1729262569,,4700BC
1237,1694,18.54316667,73.914,480400,4700BC Himalayan Salt Caramel Popcorn,₹190,₹200,true,3,,https://cdn.grofers.com/da/cms-assets/cms/product/cba5f2bb-dc77-4757-a2b4-498e4bc07713.jpg?ts=1729241379,,4700BC
1237,1694,18.54316667,73.914,621763,Snackible Munchies Gift Box,₹583,₹799,false,0,,https://cdn.grofers.com/da/cms-assets/cms/product/555ffef1-807c-4719-8031-b691f1de8037.jpg?ts=1743151443,,Snackible
1237,1694,18.54316667,73.914,495864,Mr. Makhana Healthy Celebration Gift Pack,₹300,,false,0,,https://cdn.grofers.com/app/images/products/sliding_image/495864a.jpg?ts=1698228204,,Mr. Makhana
1237,1694,18.54316667,73.914,534300,Desi Ghee Dryfruit Besan Laddu by Unibic Swaadesi,₹134,₹230,false,0,,https://cdn.grofers.com/app/assets/products/sliding_images/jpeg/49c25938-e67d-41b2-b857-a6dde6465067.jpg?ts=1724930601,,Unibic Swaadesi
1237,29,28.678051,77.314262,588255,Let's Try Hing Jeera Bhuna Chana,₹104,₹120,true,1,,https://cdn.grofers.com/da/cms-assets/cms/product/b4f98758-eb1b-4cb0-8c6f-275dfdfd2f93.jpg?ts=1732623074,,Let's Try
1237,29,28.678051,77.314262,605,Haldiram's Classic Salted Peanuts,₹55,,true,26,,https://cdn.grofers.com/app/assets/products/sliding_images/jpeg/a40c0647-6a2f-45f9-a924-1873c4e0de87.jpg?ts=1707313057,,Haldiram's
1237,29,28.678051,77.314262,81953,Haldiram's Boondi,₹55,,true,19,,https://cdn.grofers.com/da/cms-assets/cms/product/02289874-021d-49e9-9058-e2bbec9a2003.jpg?ts=1737275543,,Haldiram's
1237,29,28.678051,77.314262,19281,Haldiram's Gupshup Peanuts,₹56,,true,13,,https://cdn.grofers.com/app/images/products/sliding_image/19281a.jpg?ts=1688625383,,Haldiram's
1237,29,28.678051,77.314262,11143,Haldiram's Gathiya,₹55,,true,14,,https://cdn.grofers.com/app/images/products/sliding_image/11143a.jpg?ts=1688463551,,Haldiram's
1237,29,28.678051,77.314262,372136,Chheda's Bhakarwadi Namkeen,₹52,₹65,true,4,,https://cdn.grofers.com/app/assets/products/sliding_images/jpeg/145bad46-b059-4fdd-bfd2-144072e2ffa1.jpg?ts=1720374937,,Chheda's
1237,29,28.678051,77.314262,11174,Haldiram's Mathri/Matthi,₹65,,true,6,,https://cdn.grofers.com/da/cms-assets/cms/product/0bc7fa1c-baca-4085-b593-fce548a5ecf6.jpg?ts=1736833410,,Haldiram's
1237,29,28.678051,77.314262,19309,Haldiram's Southern Delights Murukku Namkeen,₹65,,true,5,,https://cdn.grofers.com/app/images/products/sliding_image/19309a.jpg?ts=1688625383,,Haldiram's
1237,29,28.678051,77.314262,19803,Jabsons Tandoori Roasted Peanuts,₹67,₹70,true,4,,https://cdn.grofers.com/app/assets/products/sliding_images/jpeg/32f780a2-6bce-49a7-ab85-eeec49e50ed4.jpg?ts=1707548410,,Jabsons
1237,29,28.678051,77.314262,446890,Bikano Boondi,₹60,,true,4,,https://cdn.grofers.com/da/cms-assets/cms/product/d70cacb4-ec53-46c2-88d7-a41321017f8d.jpg?ts=1742294625,,Bikano
1237,29,28.678051,77.314262,609,Haldiram's Nut Cracker / Peanuts,₹55,,true,4,,https://cdn.grofers.com/da/cms-assets/cms/product/d81e917f-637f-4924-931e-d84dc4f34fc5.jpg?ts=1730982247,,Haldiram's
1237,29,28.678051,77.314262,490546,Crax Mast Mattar Green Pea Snack,₹55,,true,5,,https://cdn.grofers.com/app/assets/products/sliding_images/jpeg/107cf539-04f7-4f33-8442-e37200eb0a10.jpg?ts=1708330362,,Crax
1237,29,28.678051,77.314262,19284,Haldiram's Kachori,₹65,,true,5,,https://cdn.grofers.com/app/images/products/sliding_image/19284a.jpg?ts=1688625383,,Haldiram's
1237,29,28.678051,77.314262,544697,Haldiram's Snac Lite Soya Katori,₹36,₹50,true,15,,https://cdn.grofers.com/app/assets/products/sliding_images/jpeg/fdeb9533-ff55-4858-b0dc-e343cd329f26.jpg,,Haldiram's
1237,29,28.678051,77.314262,537912,Let's Try Salted Peanuts With Rock Salt,₹80,₹88,true,6,,https://cdn.grofers.com/da/cms-assets/cms/product/72a9956f-47b1-4412-b29d-3adffb8a8eb3.jpg?ts=1741158407,,Let's Try
